META,,GOOGL,,AMZN,,PYPL,,TXRH,
Date,Close,Date,Close,Date,Close,Date,Close,Date,Close
1/3/2023 16:00:00,124.74,1/3/2023 16:00:00,89.12,1/3/2023 16:00:00,85.82,1/3/2023 16:00:00,74.58,1/3/2023 16:00:00,93.2
1/4/2023 16:00:00,127.37,1/4/2023 16:00:00,88.08,1/4/2023 16:00:00,85.14,1/4/2023 16:00:00,77.69,1/4/2023 16:00:00,93.7
1/5/2023 16:00:00,126.94,1/5/2023 16:00:00,86.2,1/5/2023 16:00:00,83.12,1/5/2023 16:00:00,76.27,1/5/2023 16:00:00,93.75
1/6/2023 16:00:00,130.02,1/6/2023 16:00:00,87.34,1/6/2023 16:00:00,86.08,1/6/2023 16:00:00,76.48,1/6/2023 16:00:00,93.52
1/9/2023 16:00:00,129.47,1/9/2023 16:00:00,88.02,1/9/2023 16:00:00,87.36,1/9/2023 16:00:00,77.08,1/9/2023 16:00:00,97.22
1/10/2023 16:00:00,132.99,1/10/2023 16:00:00,88.42,1/10/2023 16:00:00,89.87,1/10/2023 16:00:00,77.92,1/10/2023 16:00:00,100.5
1/11/2023 16:00:00,132.89,1/11/2023 16:00:00,91.52,1/11/2023 16:00:00,95.09,1/11/2023 16:00:00,78.54,1/11/2023 16:00:00,101.09
1/12/2023 16:00:00,136.71,1/12/2023 16:00:00,91.13,1/12/2023 16:00:00,95.27,1/12/2023 16:00:00,79.78,1/12/2023 16:00:00,100.01
1/13/2023 16:00:00,136.98,1/13/2023 16:00:00,92.12,1/13/2023 16:00:00,98.12,1/13/2023 16:00:00,79.48,1/13/2023 16:00:00,100.97
1/17/2023 16:00:00,135.36,1/17/2023 16:00:00,91.29,1/17/2023 16:00:00,96.05,1/17/2023 16:00:00,80.18,1/17/2023 16:00:00,100.34
1/18/2023 16:00:00,133.02,1/18/2023 16:00:00,91.12,1/18/2023 16:00:00,95.46,1/18/2023 16:00:00,77.31,1/18/2023 16:00:00,101.14
1/19/2023 16:00:00,136.15,1/19/2023 16:00:00,93.05,1/19/2023 16:00:00,93.68,1/19/2023 16:00:00,76.75,1/19/2023 16:00:00,97.87
1/20/2023 16:00:00,139.37,1/20/2023 16:00:00,98.02,1/20/2023 16:00:00,97.25,1/20/2023 16:00:00,79.09,1/20/2023 16:00:00,98.76
1/23/2023 16:00:00,143.27,1/23/2023 16:00:00,99.79,1/23/2023 16:00:00,97.52,1/23/2023 16:00:00,79.5,1/23/2023 16:00:00,100.02
1/24/2023 16:00:00,143.14,1/24/2023 16:00:00,97.7,1/24/2023 16:00:00,96.32,1/24/2023 16:00:00,79.58,1/24/2023 16:00:00,98.84
1/25/2023 16:00:00,141.5,1/25/2023 16:00:00,95.22,1/25/2023 16:00:00,97.18,1/25/2023 16:00:00,79.1,1/25/2023 16:00:00,97.73
1/26/2023 16:00:00,147.3,1/26/2023 16:00:00,97.52,1/26/2023 16:00:00,99.22,1/26/2023 16:00:00,80.81,1/26/2023 16:00:00,99.04
1/27/2023 16:00:00,151.74,1/27/2023 16:00:00,99.37,1/27/2023 16:00:00,102.24,1/27/2023 16:00:00,81.83,1/27/2023 16:00:00,98.96
1/30/2023 16:00:00,147.06,1/30/2023 16:00:00,96.94,1/30/2023 16:00:00,100.55,1/30/2023 16:00:00,79.64,1/30/2023 16:00:00,98.97
1/31/2023 16:00:00,148.97,1/31/2023 16:00:00,98.84,1/31/2023 16:00:00,103.13,1/31/2023 16:00:00,81.49,1/31/2023 16:00:00,100.43
2/1/2023 16:00:00,153.12,2/1/2023 16:00:00,100.43,2/1/2023 16:00:00,105.15,2/1/2023 16:00:00,82.91,2/1/2023 16:00:00,101.53
2/2/2023 16:00:00,188.77,2/2/2023 16:00:00,107.74,2/2/2023 16:00:00,112.91,2/2/2023 16:00:00,86.96,2/2/2023 16:00:00,104.28
2/3/2023 16:00:00,186.53,2/3/2023 16:00:00,104.78,2/3/2023 16:00:00,103.39,2/3/2023 16:00:00,85.52,2/3/2023 16:00:00,102.09
2/6/2023 16:00:00,186.06,2/6/2023 16:00:00,102.9,2/6/2023 16:00:00,102.18,2/6/2023 16:00:00,82.33,2/6/2023 16:00:00,102.08
2/7/2023 16:00:00,191.62,2/7/2023 16:00:00,107.64,2/7/2023 16:00:00,102.11,2/7/2023 16:00:00,83.23,2/7/2023 16:00:00,104.78
2/8/2023 16:00:00,183.43,2/8/2023 16:00:00,99.37,2/8/2023 16:00:00,100.05,2/8/2023 16:00:00,79.72,2/8/2023 16:00:00,103.24
2/9/2023 16:00:00,177.92,2/9/2023 16:00:00,95.01,2/9/2023 16:00:00,98.24,2/9/2023 16:00:00,78.42,2/9/2023 16:00:00,101.55
2/10/2023 16:00:00,174.15,2/10/2023 16:00:00,94.57,2/10/2023 16:00:00,97.61,2/10/2023 16:00:00,80.8,2/10/2023 16:00:00,100.92
2/13/2023 16:00:00,179.43,2/13/2023 16:00:00,94.61,2/13/2023 16:00:00,99.54,2/13/2023 16:00:00,79.45,2/13/2023 16:00:00,102.32
2/14/2023 16:00:00,179.48,2/14/2023 16:00:00,94.68,2/14/2023 16:00:00,99.7,2/14/2023 16:00:00,77.26,2/14/2023 16:00:00,104.93
2/15/2023 16:00:00,177.16,2/15/2023 16:00:00,96.94,2/15/2023 16:00:00,101.16,2/15/2023 16:00:00,77.91,2/15/2023 16:00:00,104.32
2/16/2023 16:00:00,172.44,2/16/2023 16:00:00,95.51,2/16/2023 16:00:00,98.15,2/16/2023 16:00:00,76.73,2/16/2023 16:00:00,105.15
2/17/2023 16:00:00,172.88,2/17/2023 16:00:00,94.35,2/17/2023 16:00:00,97.2,2/17/2023 16:00:00,74.66,2/17/2023 16:00:00,104.32
2/21/2023 16:00:00,172.08,2/21/2023 16:00:00,91.79,2/21/2023 16:00:00,94.58,2/21/2023 16:00:00,75.24,2/21/2023 16:00:00,104.58
2/22/2023 16:00:00,171.12,2/22/2023 16:00:00,91.65,2/22/2023 16:00:00,95.79,2/22/2023 16:00:00,75.48,2/22/2023 16:00:00,106.43
2/23/2023 16:00:00,172.04,2/23/2023 16:00:00,90.89,2/23/2023 16:00:00,95.82,2/23/2023 16:00:00,75.19,2/23/2023 16:00:00,105.21
2/24/2023 16:00:00,170.39,2/24/2023 16:00:00,89.13,2/24/2023 16:00:00,93.5,2/24/2023 16:00:00,73.55,2/24/2023 16:00:00,103.82
2/27/2023 16:00:00,169.54,2/27/2023 16:00:00,89.87,2/27/2023 16:00:00,93.76,2/27/2023 16:00:00,73.77,2/27/2023 16:00:00,102.2
2/28/2023 16:00:00,174.94,2/28/2023 16:00:00,90.06,2/28/2023 16:00:00,94.23,2/28/2023 16:00:00,73.6,2/28/2023 16:00:00,101.54
3/1/2023 16:00:00,173.42,3/1/2023 16:00:00,90.36,3/1/2023 16:00:00,92.17,3/1/2023 16:00:00,73.82,3/1/2023 16:00:00,101.88
3/2/2023 16:00:00,174.53,3/2/2023 16:00:00,92,3/2/2023 16:00:00,92.13,3/2/2023 16:00:00,74.1,3/2/2023 16:00:00,103.91
3/3/2023 16:00:00,185.25,3/3/2023 16:00:00,93.65,3/3/2023 16:00:00,94.9,3/3/2023 16:00:00,76.29,3/3/2023 16:00:00,103.73
3/6/2023 16:00:00,184.9,3/6/2023 16:00:00,95.13,3/6/2023 16:00:00,93.75,3/6/2023 16:00:00,76.78,3/6/2023 16:00:00,104.86
3/7/2023 16:00:00,184.51,3/7/2023 16:00:00,93.86,3/7/2023 16:00:00,93.55,3/7/2023 16:00:00,74.91,3/7/2023 16:00:00,104.52
3/8/2023 16:00:00,184.97,3/8/2023 16:00:00,94.25,3/8/2023 16:00:00,93.92,3/8/2023 16:00:00,75.84,3/8/2023 16:00:00,104.41
3/9/2023 16:00:00,181.69,3/9/2023 16:00:00,92.32,3/9/2023 16:00:00,92.25,3/9/2023 16:00:00,75.93,3/9/2023 16:00:00,102.31
3/10/2023 16:00:00,179.51,3/10/2023 16:00:00,90.63,3/10/2023 16:00:00,90.73,3/10/2023 16:00:00,73.43,3/10/2023 16:00:00,101.61
3/13/2023 16:00:00,180.9,3/13/2023 16:00:00,91.11,3/13/2023 16:00:00,92.43,3/13/2023 16:00:00,72.61,3/13/2023 16:00:00,102.74
3/14/2023 16:00:00,194.02,3/14/2023 16:00:00,93.97,3/14/2023 16:00:00,94.88,3/14/2023 16:00:00,73.24,3/14/2023 16:00:00,104.6
3/15/2023 16:00:00,197.75,3/15/2023 16:00:00,96.11,3/15/2023 16:00:00,96.2,3/15/2023 16:00:00,73.91,3/15/2023 16:00:00,104.69
3/16/2023 16:00:00,204.93,3/16/2023 16:00:00,100.32,3/16/2023 16:00:00,100.04,3/16/2023 16:00:00,74.35,3/16/2023 16:00:00,108.02
3/17/2023 16:00:00,195.61,3/17/2023 16:00:00,101.62,3/17/2023 16:00:00,98.95,3/17/2023 16:00:00,72.99,3/17/2023 16:00:00,105.32
3/20/2023 16:00:00,197.81,3/20/2023 16:00:00,101.22,3/20/2023 16:00:00,97.71,3/20/2023 16:00:00,73.21,3/20/2023 16:00:00,106.27
3/21/2023 16:00:00,202.16,3/21/2023 16:00:00,104.92,3/21/2023 16:00:00,100.61,3/21/2023 16:00:00,76.72,3/21/2023 16:00:00,106.4
3/22/2023 16:00:00,199.81,3/22/2023 16:00:00,103.37,3/22/2023 16:00:00,98.7,3/22/2023 16:00:00,74.34,3/22/2023 16:00:00,106.26
3/23/2023 16:00:00,204.28,3/23/2023 16:00:00,105.6,3/23/2023 16:00:00,98.71,3/23/2023 16:00:00,72.56,3/23/2023 16:00:00,104.92
3/24/2023 16:00:00,206.01,3/24/2023 16:00:00,105.44,3/24/2023 16:00:00,98.13,3/24/2023 16:00:00,73.88,3/24/2023 16:00:00,104.1
3/27/2023 16:00:00,202.84,3/27/2023 16:00:00,102.46,3/27/2023 16:00:00,98.04,3/27/2023 16:00:00,73.3,3/27/2023 16:00:00,104.57
3/28/2023 16:00:00,200.68,3/28/2023 16:00:00,101.03,3/28/2023 16:00:00,97.24,3/28/2023 16:00:00,72.7,3/28/2023 16:00:00,106.23
3/29/2023 16:00:00,205.35,3/29/2023 16:00:00,101.39,3/29/2023 16:00:00,100.25,3/29/2023 16:00:00,74.18,3/29/2023 16:00:00,107.92
3/30/2023 16:00:00,207.84,3/30/2023 16:00:00,100.89,3/30/2023 16:00:00,102,3/30/2023 16:00:00,74.39,3/30/2023 16:00:00,108.26
3/31/2023 16:00:00,211.94,3/31/2023 16:00:00,103.73,3/31/2023 16:00:00,103.29,3/31/2023 16:00:00,75.94,3/31/2023 16:00:00,108.06
4/3/2023 16:00:00,213.07,4/3/2023 16:00:00,104.36,4/3/2023 16:00:00,102.41,4/3/2023 16:00:00,75.29,4/3/2023 16:00:00,109.09
4/4/2023 16:00:00,214.72,4/4/2023 16:00:00,104.72,4/4/2023 16:00:00,103.95,4/4/2023 16:00:00,75.26,4/4/2023 16:00:00,108.98
4/5/2023 16:00:00,211.48,4/5/2023 16:00:00,104.47,4/5/2023 16:00:00,101.1,4/5/2023 16:00:00,73.61,4/5/2023 16:00:00,109.11
4/6/2023 16:00:00,216.1,4/6/2023 16:00:00,108.42,4/6/2023 16:00:00,102.06,4/6/2023 16:00:00,74.96,4/6/2023 16:00:00,110.01
4/10/2023 16:00:00,214.75,4/10/2023 16:00:00,106.44,4/10/2023 16:00:00,102.17,4/10/2023 16:00:00,74.52,4/10/2023 16:00:00,110.71
4/11/2023 16:00:00,213.85,4/11/2023 16:00:00,105.35,4/11/2023 16:00:00,99.92,4/11/2023 16:00:00,73.58,4/11/2023 16:00:00,112.49
4/12/2023 16:00:00,214,4/12/2023 16:00:00,104.64,4/12/2023 16:00:00,97.83,4/12/2023 16:00:00,73.5,4/12/2023 16:00:00,111.04
4/13/2023 16:00:00,220.35,4/13/2023 16:00:00,107.43,4/13/2023 16:00:00,102.4,4/13/2023 16:00:00,75.52,4/13/2023 16:00:00,110.59
4/14/2023 16:00:00,221.49,4/14/2023 16:00:00,108.87,4/14/2023 16:00:00,102.51,4/14/2023 16:00:00,76.53,4/14/2023 16:00:00,109.89
4/17/2023 16:00:00,218.86,4/17/2023 16:00:00,105.97,4/17/2023 16:00:00,102.74,4/17/2023 16:00:00,77.33,4/17/2023 16:00:00,108.95
4/18/2023 16:00:00,217.89,4/18/2023 16:00:00,104.5,4/18/2023 16:00:00,102.3,4/18/2023 16:00:00,76.42,4/18/2023 16:00:00,108.74
4/19/2023 16:00:00,215.7,4/19/2023 16:00:00,104.18,4/19/2023 16:00:00,104.3,4/19/2023 16:00:00,75.32,4/19/2023 16:00:00,109.23
4/20/2023 16:00:00,213.07,4/20/2023 16:00:00,105.29,4/20/2023 16:00:00,103.81,4/20/2023 16:00:00,73.58,4/20/2023 16:00:00,109.12
4/21/2023 16:00:00,212.89,4/21/2023 16:00:00,105.41,4/21/2023 16:00:00,106.96,4/21/2023 16:00:00,74.18,4/21/2023 16:00:00,109.98
4/24/2023 16:00:00,212.79,4/24/2023 16:00:00,105.97,4/24/2023 16:00:00,106.21,4/24/2023 16:00:00,74.29,4/24/2023 16:00:00,108.23
4/25/2023 16:00:00,207.55,4/25/2023 16:00:00,103.85,4/25/2023 16:00:00,102.57,4/25/2023 16:00:00,71.78,4/25/2023 16:00:00,107.95
4/26/2023 16:00:00,209.4,4/26/2023 16:00:00,103.71,4/26/2023 16:00:00,104.98,4/26/2023 16:00:00,72.06,4/26/2023 16:00:00,108.35
4/27/2023 16:00:00,238.56,4/27/2023 16:00:00,107.59,4/27/2023 16:00:00,109.82,4/27/2023 16:00:00,74.27,4/27/2023 16:00:00,110.25
4/28/2023 16:00:00,240.32,4/28/2023 16:00:00,107.34,4/28/2023 16:00:00,105.45,4/28/2023 16:00:00,76,4/28/2023 16:00:00,110.62
5/1/2023 16:00:00,243.18,5/1/2023 16:00:00,107.2,5/1/2023 16:00:00,102.05,5/1/2023 16:00:00,75.11,5/1/2023 16:00:00,112.21
5/2/2023 16:00:00,239.24,5/2/2023 16:00:00,105.32,5/2/2023 16:00:00,103.63,5/2/2023 16:00:00,72.28,5/2/2023 16:00:00,113.3
5/3/2023 16:00:00,237.03,5/3/2023 16:00:00,105.41,5/3/2023 16:00:00,103.65,5/3/2023 16:00:00,71.43,5/3/2023 16:00:00,112.66
5/4/2023 16:00:00,233.52,5/4/2023 16:00:00,104.69,5/4/2023 16:00:00,104,5/4/2023 16:00:00,71.81,5/4/2023 16:00:00,112.03
5/5/2023 16:00:00,232.78,5/5/2023 16:00:00,105.57,5/5/2023 16:00:00,105.66,5/5/2023 16:00:00,74.97,5/5/2023 16:00:00,108.31
5/8/2023 16:00:00,233.27,5/8/2023 16:00:00,107.77,5/8/2023 16:00:00,105.83,5/8/2023 16:00:00,75.52,5/8/2023 16:00:00,107.71
5/9/2023 16:00:00,233.37,5/9/2023 16:00:00,107.35,5/9/2023 16:00:00,106.62,5/9/2023 16:00:00,65.91,5/9/2023 16:00:00,107.55
5/10/2023 16:00:00,233.08,5/10/2023 16:00:00,111.75,5/10/2023 16:00:00,110.19,5/10/2023 16:00:00,63.38,5/10/2023 16:00:00,105.88
5/11/2023 16:00:00,235.79,5/11/2023 16:00:00,116.57,5/11/2023 16:00:00,112.18,5/11/2023 16:00:00,64.18,5/11/2023 16:00:00,103.74
5/12/2023 16:00:00,233.81,5/12/2023 16:00:00,117.51,5/12/2023 16:00:00,110.26,5/12/2023 16:00:00,61.69,5/12/2023 16:00:00,105.54
5/15/2023 16:00:00,238.86,5/15/2023 16:00:00,116.51,5/15/2023 16:00:00,111.2,5/15/2023 16:00:00,62.25,5/15/2023 16:00:00,108.09
5/16/2023 16:00:00,238.82,5/16/2023 16:00:00,119.51,5/16/2023 16:00:00,113.4,5/16/2023 16:00:00,60.8,5/16/2023 16:00:00,109.78
5/17/2023 16:00:00,242.49,5/17/2023 16:00:00,120.84,5/17/2023 16:00:00,115.5,5/17/2023 16:00:00,61.46,5/17/2023 16:00:00,113.94
5/18/2023 16:00:00,246.85,5/18/2023 16:00:00,122.83,5/18/2023 16:00:00,118.15,5/18/2023 16:00:00,61.27,5/18/2023 16:00:00,115.86
5/19/2023 16:00:00,245.64,5/19/2023 16:00:00,122.76,5/19/2023 16:00:00,116.25,5/19/2023 16:00:00,60.92,5/19/2023 16:00:00,113.62
5/22/2023 16:00:00,248.32,5/22/2023 16:00:00,125.05,5/22/2023 16:00:00,115.01,5/22/2023 16:00:00,63.03,5/22/2023 16:00:00,112.09
5/23/2023 16:00:00,246.74,5/23/2023 16:00:00,122.56,5/23/2023 16:00:00,114.99,5/23/2023 16:00:00,62,5/23/2023 16:00:00,110.85
5/24/2023 16:00:00,249.21,5/24/2023 16:00:00,120.9,5/24/2023 16:00:00,116.75,5/24/2023 16:00:00,61.8,5/24/2023 16:00:00,112.13
5/25/2023 16:00:00,252.69,5/25/2023 16:00:00,123.48,5/25/2023 16:00:00,115,5/25/2023 16:00:00,59.37,5/25/2023 16:00:00,111.61
5/26/2023 16:00:00,262.04,5/26/2023 16:00:00,124.61,5/26/2023 16:00:00,120.11,5/26/2023 16:00:00,60.22,5/26/2023 16:00:00,110.63
5/30/2023 16:00:00,262.52,5/30/2023 16:00:00,123.67,5/30/2023 16:00:00,121.66,5/30/2023 16:00:00,62.05,5/30/2023 16:00:00,107.84
5/31/2023 16:00:00,264.72,5/31/2023 16:00:00,122.87,5/31/2023 16:00:00,120.58,5/31/2023 16:00:00,61.99,5/31/2023 16:00:00,107.9
6/1/2023 16:00:00,272.61,6/1/2023 16:00:00,123.72,6/1/2023 16:00:00,122.77,6/1/2023 16:00:00,63.05,6/1/2023 16:00:00,109.41
6/2/2023 16:00:00,272.61,6/2/2023 16:00:00,124.67,6/2/2023 16:00:00,124.25,6/2/2023 16:00:00,63.96,6/2/2023 16:00:00,111.55
6/5/2023 16:00:00,271.39,6/5/2023 16:00:00,126.01,6/5/2023 16:00:00,125.3,6/5/2023 16:00:00,64.51,6/5/2023 16:00:00,111.08
6/6/2023 16:00:00,271.12,6/6/2023 16:00:00,127.31,6/6/2023 16:00:00,126.61,6/6/2023 16:00:00,65.02,6/6/2023 16:00:00,110.47
6/7/2023 16:00:00,263.6,6/7/2023 16:00:00,122.5,6/7/2023 16:00:00,121.23,6/7/2023 16:00:00,64.04,6/7/2023 16:00:00,110.94
6/8/2023 16:00:00,264.58,6/8/2023 16:00:00,122.14,6/8/2023 16:00:00,124.25,6/8/2023 16:00:00,64.24,6/8/2023 16:00:00,109.98
6/9/2023 16:00:00,264.95,6/9/2023 16:00:00,122.23,6/9/2023 16:00:00,123.43,6/9/2023 16:00:00,63.49,6/9/2023 16:00:00,108.06
6/12/2023 16:00:00,271.05,6/12/2023 16:00:00,123.64,6/12/2023 16:00:00,126.57,6/12/2023 16:00:00,63.73,6/12/2023 16:00:00,109.99
6/13/2023 16:00:00,271.32,6/13/2023 16:00:00,123.83,6/13/2023 16:00:00,126.66,6/13/2023 16:00:00,63.56,6/13/2023 16:00:00,110.97
6/14/2023 16:00:00,273.35,6/14/2023 16:00:00,123.67,6/14/2023 16:00:00,126.42,6/14/2023 16:00:00,63.6,6/14/2023 16:00:00,111
6/15/2023 16:00:00,281.83,6/15/2023 16:00:00,125.09,6/15/2023 16:00:00,127.11,6/15/2023 16:00:00,65.85,6/15/2023 16:00:00,110.65
6/16/2023 16:00:00,281,6/16/2023 16:00:00,123.53,6/16/2023 16:00:00,125.49,6/16/2023 16:00:00,66.43,6/16/2023 16:00:00,109.97
6/20/2023 16:00:00,284.33,6/20/2023 16:00:00,123.1,6/20/2023 16:00:00,125.78,6/20/2023 16:00:00,68.89,6/20/2023 16:00:00,108.07
6/21/2023 16:00:00,281.64,6/21/2023 16:00:00,120.55,6/21/2023 16:00:00,124.83,6/21/2023 16:00:00,68.19,6/21/2023 16:00:00,109.3
6/22/2023 16:00:00,284.88,6/22/2023 16:00:00,123.15,6/22/2023 16:00:00,130.15,6/22/2023 16:00:00,68.57,6/22/2023 16:00:00,108.74
6/23/2023 16:00:00,288.73,6/23/2023 16:00:00,122.34,6/23/2023 16:00:00,129.33,6/23/2023 16:00:00,66.94,6/23/2023 16:00:00,108.81
6/26/2023 16:00:00,278.47,6/26/2023 16:00:00,118.34,6/26/2023 16:00:00,127.33,6/26/2023 16:00:00,66.44,6/26/2023 16:00:00,107.47
6/27/2023 16:00:00,287.05,6/27/2023 16:00:00,118.33,6/27/2023 16:00:00,129.18,6/27/2023 16:00:00,66.23,6/27/2023 16:00:00,109.32
6/28/2023 16:00:00,285.29,6/28/2023 16:00:00,120.18,6/28/2023 16:00:00,129.04,6/28/2023 16:00:00,66.03,6/28/2023 16:00:00,110.35
6/29/2023 16:00:00,281.53,6/29/2023 16:00:00,119.1,6/29/2023 16:00:00,127.9,6/29/2023 16:00:00,65.86,6/29/2023 16:00:00,111.44
6/30/2023 16:00:00,286.98,6/30/2023 16:00:00,119.7,6/30/2023 16:00:00,130.36,6/30/2023 16:00:00,66.73,6/30/2023 16:00:00,112.28
7/3/2023 13:05:00,286.02,7/3/2023 13:05:00,119.9,7/3/2023 13:05:00,130.22,7/3/2023 13:05:00,68.1,7/3/2023 13:05:00,113.26
7/5/2023 16:00:00,294.37,7/5/2023 16:00:00,121.75,7/5/2023 16:00:00,130.38,7/5/2023 16:00:00,68.85,7/5/2023 16:00:00,110.22
7/6/2023 16:00:00,291.99,7/6/2023 16:00:00,120.11,7/6/2023 16:00:00,128.36,7/6/2023 16:00:00,66.14,7/6/2023 16:00:00,110.29
7/7/2023 16:00:00,290.53,7/7/2023 16:00:00,119.48,7/7/2023 16:00:00,129.78,7/7/2023 16:00:00,66.79,7/7/2023 16:00:00,110.68
7/10/2023 16:00:00,294.1,7/10/2023 16:00:00,116.45,7/10/2023 16:00:00,127.13,7/10/2023 16:00:00,69.28,7/10/2023 16:00:00,112.9
7/11/2023 16:00:00,298.29,7/11/2023 16:00:00,117.14,7/11/2023 16:00:00,128.78,7/11/2023 16:00:00,70.62,7/11/2023 16:00:00,113.94
7/12/2023 16:00:00,309.34,7/12/2023 16:00:00,118.93,7/12/2023 16:00:00,130.8,7/12/2023 16:00:00,70.59,7/12/2023 16:00:00,115.02
7/13/2023 16:00:00,313.41,7/13/2023 16:00:00,124.54,7/13/2023 16:00:00,134.3,7/13/2023 16:00:00,72.39,7/13/2023 16:00:00,114.06
7/14/2023 16:00:00,308.87,7/14/2023 16:00:00,125.42,7/14/2023 16:00:00,134.68,7/14/2023 16:00:00,72.1,7/14/2023 16:00:00,114.01
7/17/2023 16:00:00,310.62,7/17/2023 16:00:00,124.65,7/17/2023 16:00:00,133.56,7/17/2023 16:00:00,73.49,7/17/2023 16:00:00,114.77
7/18/2023 16:00:00,312.05,7/18/2023 16:00:00,123.76,7/18/2023 16:00:00,132.83,7/18/2023 16:00:00,74.37,7/18/2023 16:00:00,116.33
7/19/2023 16:00:00,316.01,7/19/2023 16:00:00,122.03,7/19/2023 16:00:00,135.36,7/19/2023 16:00:00,74.22,7/19/2023 16:00:00,117.27
7/20/2023 16:00:00,302.52,7/20/2023 16:00:00,119.2,7/20/2023 16:00:00,129.96,7/20/2023 16:00:00,73.02,7/20/2023 16:00:00,116.1
7/21/2023 16:00:00,294.26,7/21/2023 16:00:00,120.02,7/21/2023 16:00:00,130,7/21/2023 16:00:00,72.99,7/21/2023 16:00:00,115.88
7/24/2023 16:00:00,291.61,7/24/2023 16:00:00,121.53,7/24/2023 16:00:00,128.8,7/24/2023 16:00:00,73.69,7/24/2023 16:00:00,113.62
7/25/2023 16:00:00,294.47,7/25/2023 16:00:00,122.21,7/25/2023 16:00:00,129.13,7/25/2023 16:00:00,72.96,7/25/2023 16:00:00,112.4
7/26/2023 16:00:00,298.57,7/26/2023 16:00:00,129.27,7/26/2023 16:00:00,128.15,7/26/2023 16:00:00,73.43,7/26/2023 16:00:00,112.93
7/27/2023 16:00:00,311.71,7/27/2023 16:00:00,129.4,7/27/2023 16:00:00,128.25,7/27/2023 16:00:00,72.03,7/27/2023 16:00:00,112.22
7/28/2023 16:00:00,325.48,7/28/2023 16:00:00,132.58,7/28/2023 16:00:00,132.21,7/28/2023 16:00:00,73.98,7/28/2023 16:00:00,109.61
7/31/2023 16:00:00,318.6,7/31/2023 16:00:00,132.72,7/31/2023 16:00:00,133.68,7/31/2023 16:00:00,75.82,7/31/2023 16:00:00,111.55
8/1/2023 16:00:00,322.71,8/1/2023 16:00:00,131.55,8/1/2023 16:00:00,131.69,8/1/2023 16:00:00,75.53,8/1/2023 16:00:00,110.56
8/2/2023 16:00:00,314.31,8/2/2023 16:00:00,128.38,8/2/2023 16:00:00,128.21,8/2/2023 16:00:00,73.2,8/2/2023 16:00:00,111.94
8/3/2023 16:00:00,313.19,8/3/2023 16:00:00,128.45,8/3/2023 16:00:00,128.91,8/3/2023 16:00:00,64.18,8/3/2023 16:00:00,110.93
8/4/2023 16:00:00,310.73,8/4/2023 16:00:00,128.11,8/4/2023 16:00:00,139.57,8/4/2023 16:00:00,62.75,8/4/2023 16:00:00,109.12
8/7/2023 16:00:00,316.56,8/7/2023 16:00:00,131.53,8/7/2023 16:00:00,142.22,8/7/2023 16:00:00,64.42,8/7/2023 16:00:00,109.54
8/8/2023 16:00:00,312.64,8/8/2023 16:00:00,131.4,8/8/2023 16:00:00,139.94,8/8/2023 16:00:00,63.19,8/8/2023 16:00:00,108.58
8/9/2023 16:00:00,305.21,8/9/2023 16:00:00,129.66,8/9/2023 16:00:00,137.85,8/9/2023 16:00:00,62.02,8/9/2023 16:00:00,108.78
8/10/2023 16:00:00,305.74,8/10/2023 16:00:00,129.69,8/10/2023 16:00:00,138.56,8/10/2023 16:00:00,62.79,8/10/2023 16:00:00,108.07
8/11/2023 16:00:00,301.64,8/11/2023 16:00:00,129.56,8/11/2023 16:00:00,138.41,8/11/2023 16:00:00,61.54,8/11/2023 16:00:00,108.01
8/14/2023 16:00:00,306.19,8/14/2023 16:00:00,131.33,8/14/2023 16:00:00,140.57,8/14/2023 16:00:00,63.27,8/14/2023 16:00:00,107.03
8/15/2023 16:00:00,301.95,8/15/2023 16:00:00,129.78,8/15/2023 16:00:00,137.67,8/15/2023 16:00:00,59.47,8/15/2023 16:00:00,106.7
8/16/2023 16:00:00,294.29,8/16/2023 16:00:00,128.7,8/16/2023 16:00:00,135.07,8/16/2023 16:00:00,59.68,8/16/2023 16:00:00,105.73
8/17/2023 16:00:00,285.09,8/17/2023 16:00:00,129.92,8/17/2023 16:00:00,133.98,8/17/2023 16:00:00,58.6,8/17/2023 16:00:00,104.31
8/18/2023 16:00:00,283.25,8/18/2023 16:00:00,127.46,8/18/2023 16:00:00,133.22,8/18/2023 16:00:00,59.42,8/18/2023 16:00:00,104.69
8/21/2023 16:00:00,289.9,8/21/2023 16:00:00,128.37,8/21/2023 16:00:00,134.68,8/21/2023 16:00:00,59.51,8/21/2023 16:00:00,103.25
8/22/2023 16:00:00,287.6,8/22/2023 16:00:00,129.08,8/22/2023 16:00:00,134.25,8/22/2023 16:00:00,60.98,8/22/2023 16:00:00,104.75
8/23/2023 16:00:00,294.24,8/23/2023 16:00:00,132.37,8/23/2023 16:00:00,135.52,8/23/2023 16:00:00,61.76,8/23/2023 16:00:00,106.19
8/24/2023 16:00:00,286.75,8/24/2023 16:00:00,129.78,8/24/2023 16:00:00,131.84,8/24/2023 16:00:00,60.71,8/24/2023 16:00:00,104.96
8/25/2023 16:00:00,285.5,8/25/2023 16:00:00,129.88,8/25/2023 16:00:00,133.26,8/25/2023 16:00:00,61.19,8/25/2023 16:00:00,104.45
8/28/2023 16:00:00,290.26,8/28/2023 16:00:00,131.01,8/28/2023 16:00:00,133.14,8/28/2023 16:00:00,61.67,8/28/2023 16:00:00,103.37
8/29/2023 16:00:00,297.99,8/29/2023 16:00:00,134.57,8/29/2023 16:00:00,134.91,8/29/2023 16:00:00,62.5,8/29/2023 16:00:00,105.39
8/30/2023 16:00:00,295.1,8/30/2023 16:00:00,135.88,8/30/2023 16:00:00,135.07,8/30/2023 16:00:00,63.42,8/30/2023 16:00:00,105.33
8/31/2023 16:00:00,295.89,8/31/2023 16:00:00,136.17,8/31/2023 16:00:00,138.01,8/31/2023 16:00:00,62.51,8/31/2023 16:00:00,104.1
9/1/2023 16:00:00,296.38,9/1/2023 16:00:00,135.66,9/1/2023 16:00:00,138.12,9/1/2023 16:00:00,63.57,9/1/2023 16:00:00,104.75
9/5/2023 16:00:00,300.15,9/5/2023 16:00:00,135.77,9/5/2023 16:00:00,137.27,9/5/2023 16:00:00,63.74,9/5/2023 16:00:00,102.48
9/6/2023 16:00:00,299.17,9/6/2023 16:00:00,134.46,9/6/2023 16:00:00,135.36,9/6/2023 16:00:00,62.8,9/6/2023 16:00:00,101.07
9/7/2023 16:00:00,298.67,9/7/2023 16:00:00,135.26,9/7/2023 16:00:00,137.85,9/7/2023 16:00:00,61.65,9/7/2023 16:00:00,102.6
9/8/2023 16:00:00,297.89,9/8/2023 16:00:00,136.38,9/8/2023 16:00:00,138.23,9/8/2023 16:00:00,60.98,9/8/2023 16:00:00,101.06
9/11/2023 16:00:00,307.56,9/11/2023 16:00:00,136.92,9/11/2023 16:00:00,143.1,9/11/2023 16:00:00,61.93,9/11/2023 16:00:00,100.49
9/12/2023 16:00:00,301.66,9/12/2023 16:00:00,135.34,9/12/2023 16:00:00,141.23,9/12/2023 16:00:00,62.81,9/12/2023 16:00:00,100.9
9/13/2023 16:00:00,305.06,9/13/2023 16:00:00,136.71,9/13/2023 16:00:00,144.85,9/13/2023 16:00:00,62.84,9/13/2023 16:00:00,100.45
9/14/2023 16:00:00,311.72,9/14/2023 16:00:00,138.1,9/14/2023 16:00:00,144.72,9/14/2023 16:00:00,64.44,9/14/2023 16:00:00,101.97
9/15/2023 16:00:00,300.31,9/15/2023 16:00:00,137.4,9/15/2023 16:00:00,140.39,9/15/2023 16:00:00,64.21,9/15/2023 16:00:00,101.23
9/18/2023 16:00:00,302.55,9/18/2023 16:00:00,138.21,9/18/2023 16:00:00,139.98,9/18/2023 16:00:00,62.94,9/18/2023 16:00:00,100.18
9/19/2023 16:00:00,305.07,9/19/2023 16:00:00,138.04,9/19/2023 16:00:00,137.63,9/19/2023 16:00:00,62.19,9/19/2023 16:00:00,100
9/20/2023 16:00:00,299.67,9/20/2023 16:00:00,133.74,9/20/2023 16:00:00,135.29,9/20/2023 16:00:00,60.86,9/20/2023 16:00:00,99.69
9/21/2023 16:00:00,295.73,9/21/2023 16:00:00,130.44,9/21/2023 16:00:00,129.33,9/21/2023 16:00:00,58.62,9/21/2023 16:00:00,97.23
9/22/2023 16:00:00,299.08,9/22/2023 16:00:00,130.25,9/22/2023 16:00:00,129.12,9/22/2023 16:00:00,57.88,9/22/2023 16:00:00,95.62
9/25/2023 16:00:00,300.83,9/25/2023 16:00:00,131.11,9/25/2023 16:00:00,131.27,9/25/2023 16:00:00,58.86,9/25/2023 16:00:00,95.17
9/26/2023 16:00:00,298.96,9/26/2023 16:00:00,128.57,9/26/2023 16:00:00,125.98,9/26/2023 16:00:00,58.93,9/26/2023 16:00:00,94.65
9/27/2023 16:00:00,297.74,9/27/2023 16:00:00,130.54,9/27/2023 16:00:00,125.98,9/27/2023 16:00:00,57.34,9/27/2023 16:00:00,93.4
9/28/2023 16:00:00,303.96,9/28/2023 16:00:00,132.31,9/28/2023 16:00:00,125.98,9/28/2023 16:00:00,58.18,9/28/2023 16:00:00,95.57
9/29/2023 16:00:00,300.21,9/29/2023 16:00:00,130.86,9/29/2023 16:00:00,127.12,9/29/2023 16:00:00,58.46,9/29/2023 16:00:00,96.1
10/2/2023 16:00:00,306.82,10/2/2023 16:00:00,134.17,10/2/2023 16:00:00,129.46,10/2/2023 16:00:00,58.56,10/2/2023 16:00:00,96.47
10/3/2023 16:00:00,300.94,10/3/2023 16:00:00,132.43,10/3/2023 16:00:00,124.72,10/3/2023 16:00:00,57.3,10/3/2023 16:00:00,95.34
10/4/2023 16:00:00,305.58,10/4/2023 16:00:00,135.24,10/4/2023 16:00:00,127,10/4/2023 16:00:00,58.57,10/4/2023 16:00:00,97.18
10/5/2023 16:00:00,304.79,10/5/2023 16:00:00,135.07,10/5/2023 16:00:00,125.96,10/5/2023 16:00:00,57.48,10/5/2023 16:00:00,97.26
10/6/2023 16:00:00,315.43,10/6/2023 16:00:00,137.58,10/6/2023 16:00:00,127.96,10/6/2023 16:00:00,57.77,10/6/2023 16:00:00,95.46
10/9/2023 16:00:00,318.36,10/9/2023 16:00:00,138.42,10/9/2023 16:00:00,128.26,10/9/2023 16:00:00,57.96,10/9/2023 16:00:00,95.98
10/10/2023 16:00:00,321.84,10/10/2023 16:00:00,138.06,10/10/2023 16:00:00,129.48,10/10/2023 16:00:00,57.72,10/10/2023 16:00:00,96.46
10/11/2023 16:00:00,327.82,10/11/2023 16:00:00,140.55,10/11/2023 16:00:00,131.83,10/11/2023 16:00:00,58.07,10/11/2023 16:00:00,94.62
10/12/2023 16:00:00,324.16,10/12/2023 16:00:00,138.97,10/12/2023 16:00:00,132.33,10/12/2023 16:00:00,56.36,10/12/2023 16:00:00,91.57
10/13/2023 16:00:00,314.69,10/13/2023 16:00:00,137.36,10/13/2023 16:00:00,129.79,10/13/2023 16:00:00,55.75,10/13/2023 16:00:00,92.24
10/16/2023 16:00:00,321.15,10/16/2023 16:00:00,139.1,10/16/2023 16:00:00,132.55,10/16/2023 16:00:00,57,10/16/2023 16:00:00,94.51
10/17/2023 16:00:00,324,10/17/2023 16:00:00,139.72,10/17/2023 16:00:00,131.47,10/17/2023 16:00:00,57.16,10/17/2023 16:00:00,95.7
10/18/2023 16:00:00,316.97,10/18/2023 16:00:00,137.96,10/18/2023 16:00:00,128.13,10/18/2023 16:00:00,55.8,10/18/2023 16:00:00,95.49
10/19/2023 16:00:00,312.81,10/19/2023 16:00:00,137.75,10/19/2023 16:00:00,128.4,10/19/2023 16:00:00,54.81,10/19/2023 16:00:00,96.48
10/20/2023 16:00:00,308.65,10/20/2023 16:00:00,135.6,10/20/2023 16:00:00,125.17,10/20/2023 16:00:00,53.39,10/20/2023 16:00:00,96.19
10/23/2023 16:00:00,314.01,10/23/2023 16:00:00,136.5,10/23/2023 16:00:00,126.56,10/23/2023 16:00:00,53.45,10/23/2023 16:00:00,95.99
10/24/2023 16:00:00,312.55,10/24/2023 16:00:00,138.81,10/24/2023 16:00:00,128.56,10/24/2023 16:00:00,54.24,10/24/2023 16:00:00,96.09
10/25/2023 16:00:00,299.53,10/25/2023 16:00:00,125.61,10/25/2023 16:00:00,121.39,10/25/2023 16:00:00,51.49,10/25/2023 16:00:00,96.44
10/26/2023 16:00:00,288.35,10/26/2023 16:00:00,122.28,10/26/2023 16:00:00,119.57,10/26/2023 16:00:00,51.75,10/26/2023 16:00:00,94.63
10/27/2023 16:00:00,296.73,10/27/2023 16:00:00,122.17,10/27/2023 16:00:00,127.74,10/27/2023 16:00:00,50.39,10/27/2023 16:00:00,97.71
10/30/2023 16:00:00,302.66,10/30/2023 16:00:00,124.46,10/30/2023 16:00:00,132.71,10/30/2023 16:00:00,51.05,10/30/2023 16:00:00,98.5
10/31/2023 16:00:00,301.27,10/31/2023 16:00:00,124.08,10/31/2023 16:00:00,133.09,10/31/2023 16:00:00,51.8,10/31/2023 16:00:00,101.54
11/1/2023 16:00:00,311.85,11/1/2023 16:00:00,126.45,11/1/2023 16:00:00,137,11/1/2023 16:00:00,51.66,11/1/2023 16:00:00,103.01
11/2/2023 16:00:00,310.87,11/2/2023 16:00:00,127.49,11/2/2023 16:00:00,138.07,11/2/2023 16:00:00,55.06,11/2/2023 16:00:00,102.42
11/3/2023 16:00:00,314.6,11/3/2023 16:00:00,129.1,11/3/2023 16:00:00,138.6,11/3/2023 16:00:00,56.1,11/3/2023 16:00:00,104.28
11/6/2023 16:00:00,315.8,11/6/2023 16:00:00,130.25,11/6/2023 16:00:00,139.74,11/6/2023 16:00:00,54.62,11/6/2023 16:00:00,103.77
11/7/2023 16:00:00,318.82,11/7/2023 16:00:00,130.97,11/7/2023 16:00:00,142.71,11/7/2023 16:00:00,54.63,11/7/2023 16:00:00,103.27
11/8/2023 16:00:00,319.78,11/8/2023 16:00:00,131.84,11/8/2023 16:00:00,142.08,11/8/2023 16:00:00,55.08,11/8/2023 16:00:00,103.41
11/9/2023 16:00:00,320.55,11/9/2023 16:00:00,130.24,11/9/2023 16:00:00,140.6,11/9/2023 16:00:00,54.28,11/9/2023 16:00:00,102.88
11/10/2023 16:00:00,328.77,11/10/2023 16:00:00,132.59,11/10/2023 16:00:00,143.56,11/10/2023 16:00:00,54.77,11/10/2023 16:00:00,104.19
11/13/2023 16:00:00,329.19,11/13/2023 16:00:00,132.09,11/13/2023 16:00:00,142.59,11/13/2023 16:00:00,54.39,11/13/2023 16:00:00,107.29
11/14/2023 16:00:00,336.31,11/14/2023 16:00:00,133.62,11/14/2023 16:00:00,145.8,11/14/2023 16:00:00,56.68,11/14/2023 16:00:00,110.13
11/15/2023 16:00:00,332.71,11/15/2023 16:00:00,134.62,11/15/2023 16:00:00,143.2,11/15/2023 16:00:00,58.25,11/15/2023 16:00:00,110.39
11/16/2023 16:00:00,334.19,11/16/2023 16:00:00,136.93,11/16/2023 16:00:00,142.83,11/16/2023 16:00:00,56.82,11/16/2023 16:00:00,110.18
11/17/2023 16:00:00,335.04,11/17/2023 16:00:00,135.31,11/17/2023 16:00:00,145.18,11/17/2023 16:00:00,56.54,11/17/2023 16:00:00,110.78
11/20/2023 16:00:00,339.97,11/20/2023 16:00:00,136.25,11/20/2023 16:00:00,146.13,11/20/2023 16:00:00,56.99,11/20/2023 16:00:00,109.71
11/21/2023 16:00:00,336.98,11/21/2023 16:00:00,136.97,11/21/2023 16:00:00,143.9,11/21/2023 16:00:00,55.4,11/21/2023 16:00:00,110.51
11/22/2023 16:00:00,341.49,11/22/2023 16:00:00,138.49,11/22/2023 16:00:00,146.71,11/22/2023 16:00:00,56.34,11/22/2023 16:00:00,111.93
11/24/2023 13:05:00,338.23,11/24/2023 13:05:00,136.69,11/24/2023 13:05:00,146.74,11/24/2023 13:05:00,55.76,11/24/2023 13:05:00,112.61
11/27/2023 16:00:00,334.7,11/27/2023 16:00:00,136.41,11/27/2023 16:00:00,147.73,11/27/2023 16:00:00,56.39,11/27/2023 16:00:00,112.83
11/28/2023 16:00:00,338.99,11/28/2023 16:00:00,137.2,11/28/2023 16:00:00,147.03,11/28/2023 16:00:00,58.47,11/28/2023 16:00:00,112.05
11/29/2023 16:00:00,332.2,11/29/2023 16:00:00,134.99,11/29/2023 16:00:00,146.32,11/29/2023 16:00:00,57.97,11/29/2023 16:00:00,111.63
11/30/2023 16:00:00,327.15,11/30/2023 16:00:00,132.53,11/30/2023 16:00:00,146.09,11/30/2023 16:00:00,57.61,11/30/2023 16:00:00,112.56
12/1/2023 16:00:00,324.82,12/1/2023 16:00:00,131.86,12/1/2023 16:00:00,147.03,12/1/2023 16:00:00,59.65,12/1/2023 16:00:00,114.49
12/4/2023 16:00:00,320.02,12/4/2023 16:00:00,129.27,12/4/2023 16:00:00,144.84,12/4/2023 16:00:00,59.85,12/4/2023 16:00:00,114.41
12/5/2023 16:00:00,318.29,12/5/2023 16:00:00,130.99,12/5/2023 16:00:00,146.88,12/5/2023 16:00:00,57.92,12/5/2023 16:00:00,113.19
12/6/2023 16:00:00,317.45,12/6/2023 16:00:00,130.02,12/6/2023 16:00:00,144.52,12/6/2023 16:00:00,59.53,12/6/2023 16:00:00,114.18
12/7/2023 16:00:00,326.59,12/7/2023 16:00:00,136.93,12/7/2023 16:00:00,146.88,12/7/2023 16:00:00,58.48,12/7/2023 16:00:00,114.58
12/8/2023 16:00:00,332.75,12/8/2023 16:00:00,134.99,12/8/2023 16:00:00,147.42,12/8/2023 16:00:00,58.94,12/8/2023 16:00:00,113.52
12/11/2023 16:00:00,325.28,12/11/2023 16:00:00,133.29,12/11/2023 16:00:00,145.89,12/11/2023 16:00:00,59.04,12/11/2023 16:00:00,114.86
12/12/2023 16:00:00,334.22,12/12/2023 16:00:00,132.52,12/12/2023 16:00:00,147.48,12/12/2023 16:00:00,58.89,12/12/2023 16:00:00,115.23
12/13/2023 16:00:00,334.74,12/13/2023 16:00:00,132.57,12/13/2023 16:00:00,148.84,12/13/2023 16:00:00,61.73,12/13/2023 16:00:00,116.29
12/14/2023 16:00:00,333.17,12/14/2023 16:00:00,131.94,12/14/2023 16:00:00,147.42,12/14/2023 16:00:00,61.87,12/14/2023 16:00:00,115.36
12/15/2023 16:00:00,334.92,12/15/2023 16:00:00,132.6,12/15/2023 16:00:00,149.97,12/15/2023 16:00:00,61.26,12/15/2023 16:00:00,116.01
12/18/2023 16:00:00,344.62,12/18/2023 16:00:00,135.8,12/18/2023 16:00:00,154.07,12/18/2023 16:00:00,61.47,12/18/2023 16:00:00,117.71
12/19/2023 16:00:00,350.36,12/19/2023 16:00:00,136.65,12/19/2023 16:00:00,153.79,12/19/2023 16:00:00,63.01,12/19/2023 16:00:00,119.73
12/20/2023 16:00:00,349.28,12/20/2023 16:00:00,138.34,12/20/2023 16:00:00,152.12,12/20/2023 16:00:00,61.74,12/20/2023 16:00:00,118.29
12/21/2023 16:00:00,354.09,12/21/2023 16:00:00,140.42,12/21/2023 16:00:00,153.84,12/21/2023 16:00:00,62.06,12/21/2023 16:00:00,119.49
12/22/2023 16:00:00,353.39,12/22/2023 16:00:00,141.49,12/22/2023 16:00:00,153.42,12/22/2023 16:00:00,61.84,12/22/2023 16:00:00,121.11
12/26/2023 16:00:00,354.83,12/26/2023 16:00:00,141.52,12/26/2023 16:00:00,153.41,12/26/2023 16:00:00,62.56,12/26/2023 16:00:00,123.16
12/27/2023 16:00:00,357.83,12/27/2023 16:00:00,140.37,12/27/2023 16:00:00,153.34,12/27/2023 16:00:00,62.68,12/27/2023 16:00:00,123.63
12/28/2023 16:00:00,358.32,12/28/2023 16:00:00,140.23,12/28/2023 16:00:00,153.38,12/28/2023 16:00:00,63.08,12/28/2023 16:00:00,122.58
12/29/2023 16:00:00,353.96,12/29/2023 16:00:00,139.69,12/29/2023 16:00:00,151.94,12/29/2023 16:00:00,61.41,12/29/2023 16:00:00,122.23
1/2/2024 16:00:00,346.29,1/2/2024 16:00:00,138.17,1/2/2024 16:00:00,149.93,1/2/2024 16:00:00,61.46,1/2/2024 16:00:00,119.29
1/3/2024 16:00:00,344.47,1/3/2024 16:00:00,138.92,1/3/2024 16:00:00,148.47,1/3/2024 16:00:00,58.63,1/3/2024 16:00:00,116.48
1/4/2024 16:00:00,347.12,1/4/2024 16:00:00,136.39,1/4/2024 16:00:00,144.57,1/4/2024 16:00:00,58.45,1/4/2024 16:00:00,117.95
1/5/2024 16:00:00,351.95,1/5/2024 16:00:00,135.73,1/5/2024 16:00:00,145.24,1/5/2024 16:00:00,60.12,1/5/2024 16:00:00,118.3
1/8/2024 16:00:00,358.66,1/8/2024 16:00:00,138.84,1/8/2024 16:00:00,149.1,1/8/2024 16:00:00,61.74,1/8/2024 16:00:00,120.28
1/9/2024 16:00:00,357.43,1/9/2024 16:00:00,140.95,1/9/2024 16:00:00,151.37,1/9/2024 16:00:00,61.05,1/9/2024 16:00:00,120.06
1/10/2024 16:00:00,370.47,1/10/2024 16:00:00,142.28,1/10/2024 16:00:00,153.73,1/10/2024 16:00:00,60.96,1/10/2024 16:00:00,120.27
1/11/2024 16:00:00,369.67,1/11/2024 16:00:00,142.08,1/11/2024 16:00:00,155.18,1/11/2024 16:00:00,61.35,1/11/2024 16:00:00,118.75
1/12/2024 16:00:00,374.49,1/12/2024 16:00:00,142.65,1/12/2024 16:00:00,154.62,1/12/2024 16:00:00,61,1/12/2024 16:00:00,116.78
1/16/2024 16:00:00,367.46,1/16/2024 16:00:00,142.49,1/16/2024 16:00:00,153.16,1/16/2024 16:00:00,58.45,1/16/2024 16:00:00,118.1
1/17/2024 16:00:00,368.37,1/17/2024 16:00:00,141.47,1/17/2024 16:00:00,151.71,1/17/2024 16:00:00,59.89,1/17/2024 16:00:00,118.2
1/18/2024 16:00:00,376.13,1/18/2024 16:00:00,143.48,1/18/2024 16:00:00,153.5,1/18/2024 16:00:00,62.09,1/18/2024 16:00:00,119.35
1/19/2024 16:00:00,383.45,1/19/2024 16:00:00,146.38,1/19/2024 16:00:00,155.34,1/19/2024 16:00:00,65.82,1/19/2024 16:00:00,118.78
1/22/2024 16:00:00,381.78,1/22/2024 16:00:00,145.99,1/22/2024 16:00:00,154.78,1/22/2024 16:00:00,63.74,1/22/2024 16:00:00,121.44
1/23/2024 16:00:00,385.2,1/23/2024 16:00:00,147.04,1/23/2024 16:00:00,156.02,1/23/2024 16:00:00,64.78,1/23/2024 16:00:00,121.79
1/24/2024 16:00:00,390.7,1/24/2024 16:00:00,148.7,1/24/2024 16:00:00,156.87,1/24/2024 16:00:00,63.02,1/24/2024 16:00:00,122.74
1/25/2024 16:00:00,393.18,1/25/2024 16:00:00,151.87,1/25/2024 16:00:00,157.75,1/25/2024 16:00:00,60.71,1/25/2024 16:00:00,122.97
1/26/2024 16:00:00,394.14,1/26/2024 16:00:00,152.19,1/26/2024 16:00:00,159.12,1/26/2024 16:00:00,61.78,1/26/2024 16:00:00,122.82
1/29/2024 16:00:00,401.02,1/29/2024 16:00:00,153.51,1/29/2024 16:00:00,161.26,1/29/2024 16:00:00,63.76,1/29/2024 16:00:00,126.19
1/30/2024 16:00:00,400.06,1/30/2024 16:00:00,151.46,1/30/2024 16:00:00,159,1/30/2024 16:00:00,63.68,1/30/2024 16:00:00,126.83
1/31/2024 16:00:00,390.14,1/31/2024 16:00:00,140.1,1/31/2024 16:00:00,155.2,1/31/2024 16:00:00,61.35,1/31/2024 16:00:00,125.72
2/1/2024 16:00:00,394.78,2/1/2024 16:00:00,141.16,2/1/2024 16:00:00,159.28,2/1/2024 16:00:00,62.02,2/1/2024 16:00:00,128.67
2/2/2024 16:00:00,474.99,2/2/2024 16:00:00,142.38,2/2/2024 16:00:00,171.81,2/2/2024 16:00:00,62.42,2/2/2024 16:00:00,130.5
2/5/2024 16:00:00,459.41,2/5/2024 16:00:00,143.68,2/5/2024 16:00:00,170.31,2/5/2024 16:00:00,61.54,2/5/2024 16:00:00,128.55
2/6/2024 16:00:00,454.72,2/6/2024 16:00:00,144.1,2/6/2024 16:00:00,169.15,2/6/2024 16:00:00,63.71,2/6/2024 16:00:00,129.18
2/7/2024 16:00:00,469.59,2/7/2024 16:00:00,145.54,2/7/2024 16:00:00,170.53,2/7/2024 16:00:00,63.24,2/7/2024 16:00:00,132.61
2/8/2024 16:00:00,470,2/8/2024 16:00:00,145.91,2/8/2024 16:00:00,169.84,2/8/2024 16:00:00,56.13,2/8/2024 16:00:00,135.49
2/9/2024 16:00:00,468.11,2/9/2024 16:00:00,149,2/9/2024 16:00:00,174.45,2/9/2024 16:00:00,58.91,2/9/2024 16:00:00,134.73
2/12/2024 16:00:00,468.9,2/12/2024 16:00:00,147.53,2/12/2024 16:00:00,172.34,2/12/2024 16:00:00,60.09,2/12/2024 16:00:00,133.93
2/13/2024 16:00:00,460.12,2/13/2024 16:00:00,145.14,2/13/2024 16:00:00,168.64,2/13/2024 16:00:00,58.26,2/13/2024 16:00:00,132.91
2/14/2024 16:00:00,473.28,2/14/2024 16:00:00,145.94,2/14/2024 16:00:00,170.98,2/14/2024 16:00:00,58.87,2/14/2024 16:00:00,132.37
2/15/2024 16:00:00,484.03,2/15/2024 16:00:00,142.77,2/15/2024 16:00:00,169.8,2/15/2024 16:00:00,59.7,2/15/2024 16:00:00,133.89
2/16/2024 16:00:00,473.32,2/16/2024 16:00:00,140.52,2/16/2024 16:00:00,169.51,2/16/2024 16:00:00,59.14,2/16/2024 16:00:00,147.7
2/20/2024 16:00:00,471.75,2/20/2024 16:00:00,141.12,2/20/2024 16:00:00,167.08,2/20/2024 16:00:00,58.63,2/20/2024 16:00:00,147.2
2/21/2024 16:00:00,468.03,2/21/2024 16:00:00,142.55,2/21/2024 16:00:00,168.59,2/21/2024 16:00:00,57.48,2/21/2024 16:00:00,145.7
2/22/2024 16:00:00,486.13,2/22/2024 16:00:00,144.09,2/22/2024 16:00:00,174.58,2/22/2024 16:00:00,58.35,2/22/2024 16:00:00,149.03
2/23/2024 16:00:00,484.03,2/23/2024 16:00:00,143.96,2/23/2024 16:00:00,174.99,2/23/2024 16:00:00,59.16,2/23/2024 16:00:00,148.9
2/26/2024 16:00:00,481.74,2/26/2024 16:00:00,137.57,2/26/2024 16:00:00,174.73,2/26/2024 16:00:00,59.33,2/26/2024 16:00:00,150.29
2/27/2024 16:00:00,487.05,2/27/2024 16:00:00,138.88,2/27/2024 16:00:00,173.54,2/27/2024 16:00:00,60.16,2/27/2024 16:00:00,149.68
2/28/2024 16:00:00,484.02,2/28/2024 16:00:00,136.38,2/28/2024 16:00:00,173.16,2/28/2024 16:00:00,60.25,2/28/2024 16:00:00,147.77
2/29/2024 16:00:00,490.13,2/29/2024 16:00:00,138.46,2/29/2024 16:00:00,176.76,2/29/2024 16:00:00,60.34,2/29/2024 16:00:00,149.37
3/1/2024 16:00:00,502.3,3/1/2024 16:00:00,137.14,3/1/2024 16:00:00,178.22,3/1/2024 16:00:00,60.54,3/1/2024 16:00:00,149.6
3/4/2024 16:00:00,498.19,3/4/2024 16:00:00,133.35,3/4/2024 16:00:00,177.58,3/4/2024 16:00:00,59.98,3/4/2024 16:00:00,149.64
3/5/2024 16:00:00,490.22,3/5/2024 16:00:00,132.67,3/5/2024 16:00:00,174.12,3/5/2024 16:00:00,58.27,3/5/2024 16:00:00,151.55
3/6/2024 16:00:00,496.09,3/6/2024 16:00:00,131.4,3/6/2024 16:00:00,173.51,3/6/2024 16:00:00,58.12,3/6/2024 16:00:00,151.42
3/7/2024 16:00:00,512.19,3/7/2024 16:00:00,134.38,3/7/2024 16:00:00,176.82,3/7/2024 16:00:00,58.5,3/7/2024 16:00:00,150.29
3/8/2024 16:00:00,505.95,3/8/2024 16:00:00,135.41,3/8/2024 16:00:00,175.35,3/8/2024 16:00:00,59.01,3/8/2024 16:00:00,148.36
3/11/2024 16:00:00,483.59,3/11/2024 16:00:00,137.67,3/11/2024 16:00:00,171.96,3/11/2024 16:00:00,60.08,3/11/2024 16:00:00,148.25
3/12/2024 16:00:00,499.75,3/12/2024 16:00:00,138.5,3/12/2024 16:00:00,175.39,3/12/2024 16:00:00,60.03,3/12/2024 16:00:00,150.68
3/13/2024 16:00:00,495.57,3/13/2024 16:00:00,139.79,3/13/2024 16:00:00,176.56,3/13/2024 16:00:00,62.45,3/13/2024 16:00:00,154.6
3/14/2024 16:00:00,491.83,3/14/2024 16:00:00,143.1,3/14/2024 16:00:00,178.75,3/14/2024 16:00:00,63,3/14/2024 16:00:00,152.93
3/15/2024 16:00:00,484.1,3/15/2024 16:00:00,141.18,3/15/2024 16:00:00,174.42,3/15/2024 16:00:00,62.85,3/15/2024 16:00:00,152.26
3/18/2024 16:00:00,496.98,3/18/2024 16:00:00,147.68,3/18/2024 16:00:00,174.48,3/18/2024 16:00:00,64.23,3/18/2024 16:00:00,152
3/19/2024 16:00:00,496.24,3/19/2024 16:00:00,147.03,3/19/2024 16:00:00,175.9,3/19/2024 16:00:00,63.01,3/19/2024 16:00:00,153.67
3/20/2024 16:00:00,505.52,3/20/2024 16:00:00,148.74,3/20/2024 16:00:00,178.15,3/20/2024 16:00:00,65.05,3/20/2024 16:00:00,154.49
3/21/2024 16:00:00,507.76,3/21/2024 16:00:00,147.6,3/21/2024 16:00:00,178.15,3/21/2024 16:00:00,66.14,3/21/2024 16:00:00,153.48
3/22/2024 16:00:00,509.58,3/22/2024 16:00:00,150.77,3/22/2024 16:00:00,178.87,3/22/2024 16:00:00,64.77,3/22/2024 16:00:00,152.69
3/25/2024 16:00:00,503.02,3/25/2024 16:00:00,150.07,3/25/2024 16:00:00,179.71,3/25/2024 16:00:00,66,3/25/2024 16:00:00,151.89
3/26/2024 16:00:00,495.89,3/26/2024 16:00:00,150.67,3/26/2024 16:00:00,178.3,3/26/2024 16:00:00,66.67,3/26/2024 16:00:00,152.22
3/27/2024 16:00:00,493.86,3/27/2024 16:00:00,150.87,3/27/2024 16:00:00,179.83,3/27/2024 16:00:00,66.57,3/27/2024 16:00:00,154.27
3/28/2024 16:00:00,485.58,3/28/2024 16:00:00,150.93,3/28/2024 16:00:00,180.38,3/28/2024 16:00:00,66.99,3/28/2024 16:00:00,154.47
4/1/2024 16:00:00,491.35,4/1/2024 16:00:00,155.49,4/1/2024 16:00:00,180.97,4/1/2024 16:00:00,65.03,4/1/2024 16:00:00,155.16
4/2/2024 16:00:00,497.37,4/2/2024 16:00:00,154.56,4/2/2024 16:00:00,180.69,4/2/2024 16:00:00,64.66,4/2/2024 16:00:00,152.27
4/3/2024 16:00:00,506.74,4/3/2024 16:00:00,154.92,4/3/2024 16:00:00,182.41,4/3/2024 16:00:00,65.34,4/3/2024 16:00:00,152.71
4/4/2024 16:00:00,510.92,4/4/2024 16:00:00,150.53,4/4/2024 16:00:00,180,4/4/2024 16:00:00,64.54,4/4/2024 16:00:00,148.27
4/5/2024 16:00:00,527.34,4/5/2024 16:00:00,152.5,4/5/2024 16:00:00,185.07,4/5/2024 16:00:00,65.15,4/5/2024 16:00:00,149.99
4/8/2024 16:00:00,519.25,4/8/2024 16:00:00,154.85,4/8/2024 16:00:00,185.19,4/8/2024 16:00:00,66.34,4/8/2024 16:00:00,150.19
4/9/2024 16:00:00,516.9,4/9/2024 16:00:00,156.6,4/9/2024 16:00:00,185.67,4/9/2024 16:00:00,67,4/9/2024 16:00:00,149.26
4/10/2024 16:00:00,519.83,4/10/2024 16:00:00,156.14,4/10/2024 16:00:00,185.95,4/10/2024 16:00:00,65.88,4/10/2024 16:00:00,149.41
4/11/2024 16:00:00,523.16,4/11/2024 16:00:00,159.41,4/11/2024 16:00:00,189.05,4/11/2024 16:00:00,65.8,4/11/2024 16:00:00,148.97
4/12/2024 16:00:00,511.9,4/12/2024 16:00:00,157.73,4/12/2024 16:00:00,186.13,4/12/2024 16:00:00,64.59,4/12/2024 16:00:00,148.63
4/15/2024 16:00:00,500.23,4/15/2024 16:00:00,154.86,4/15/2024 16:00:00,183.62,4/15/2024 16:00:00,63.51,4/15/2024 16:00:00,148.72
4/16/2024 16:00:00,499.76,4/16/2024 16:00:00,154.4,4/16/2024 16:00:00,183.32,4/16/2024 16:00:00,63.43,4/16/2024 16:00:00,150.82
4/17/2024 16:00:00,494.17,4/17/2024 16:00:00,155.47,4/17/2024 16:00:00,181.28,4/17/2024 16:00:00,63.26,4/17/2024 16:00:00,149.39
4/18/2024 16:00:00,501.8,4/18/2024 16:00:00,156.01,4/18/2024 16:00:00,179.22,4/18/2024 16:00:00,62.1,4/18/2024 16:00:00,150.46
4/19/2024 16:00:00,481.07,4/19/2024 16:00:00,154.09,4/19/2024 16:00:00,174.63,4/19/2024 16:00:00,62.31,4/19/2024 16:00:00,150.73
4/22/2024 16:00:00,481.73,4/22/2024 16:00:00,156.28,4/22/2024 16:00:00,177.23,4/22/2024 16:00:00,63.19,4/22/2024 16:00:00,153.06
4/23/2024 16:00:00,496.1,4/23/2024 16:00:00,158.26,4/23/2024 16:00:00,179.54,4/23/2024 16:00:00,64.43,4/23/2024 16:00:00,156.87
4/24/2024 16:00:00,493.5,4/24/2024 16:00:00,159.13,4/24/2024 16:00:00,176.59,4/24/2024 16:00:00,64.84,4/24/2024 16:00:00,156.76
4/25/2024 16:00:00,441.38,4/25/2024 16:00:00,156,4/25/2024 16:00:00,173.67,4/25/2024 16:00:00,64.1,4/25/2024 16:00:00,156.87
4/26/2024 16:00:00,443.29,4/26/2024 16:00:00,171.95,4/26/2024 16:00:00,179.62,4/26/2024 16:00:00,65.96,4/26/2024 16:00:00,157.46
4/29/2024 16:00:00,432.62,4/29/2024 16:00:00,166.15,4/29/2024 16:00:00,180.96,4/29/2024 16:00:00,66.99,4/29/2024 16:00:00,159.21
4/30/2024 16:00:00,430.17,4/30/2024 16:00:00,162.78,4/30/2024 16:00:00,175,4/30/2024 16:00:00,67.92,4/30/2024 16:00:00,160.78
5/1/2024 16:00:00,439.19,5/1/2024 16:00:00,163.86,5/1/2024 16:00:00,179,5/1/2024 16:00:00,66.14,5/1/2024 16:00:00,157.06
5/2/2024 16:00:00,441.68,5/2/2024 16:00:00,166.62,5/2/2024 16:00:00,184.72,5/2/2024 16:00:00,66.98,5/2/2024 16:00:00,157.9
5/3/2024 16:00:00,451.96,5/3/2024 16:00:00,167.24,5/3/2024 16:00:00,186.21,5/3/2024 16:00:00,65.7,5/3/2024 16:00:00,163.61
5/6/2024 16:00:00,465.68,5/6/2024 16:00:00,168.1,5/6/2024 16:00:00,188.7,5/6/2024 16:00:00,65.61,5/6/2024 16:00:00,167.74
5/7/2024 16:00:00,468.24,5/7/2024 16:00:00,171.25,5/7/2024 16:00:00,188.76,5/7/2024 16:00:00,65.92,5/7/2024 16:00:00,166.07
5/8/2024 16:00:00,472.6,5/8/2024 16:00:00,169.38,5/8/2024 16:00:00,188,5/8/2024 16:00:00,63.81,5/8/2024 16:00:00,165.52
5/9/2024 16:00:00,475.42,5/9/2024 16:00:00,169.96,5/9/2024 16:00:00,189.5,5/9/2024 16:00:00,64.45,5/9/2024 16:00:00,166.49
5/10/2024 16:00:00,476.2,5/10/2024 16:00:00,168.65,5/10/2024 16:00:00,187.48,5/10/2024 16:00:00,62.93,5/10/2024 16:00:00,167.22
5/13/2024 16:00:00,468.01,5/13/2024 16:00:00,169.14,5/13/2024 16:00:00,186.57,5/13/2024 16:00:00,63.95,5/13/2024 16:00:00,165.52
5/14/2024 16:00:00,471.85,5/14/2024 16:00:00,170.34,5/14/2024 16:00:00,187.07,5/14/2024 16:00:00,64.58,5/14/2024 16:00:00,167.89
5/15/2024 16:00:00,481.54,5/15/2024 16:00:00,172.51,5/15/2024 16:00:00,185.99,5/15/2024 16:00:00,63.9,5/15/2024 16:00:00,168.49
5/16/2024 16:00:00,473.23,5/16/2024 16:00:00,174.18,5/16/2024 16:00:00,183.63,5/16/2024 16:00:00,64.1,5/16/2024 16:00:00,168.98
5/17/2024 16:00:00,471.91,5/17/2024 16:00:00,176.06,5/17/2024 16:00:00,184.7,5/17/2024 16:00:00,64.48,5/17/2024 16:00:00,169.64
5/20/2024 16:00:00,468.84,5/20/2024 16:00:00,176.92,5/20/2024 16:00:00,183.54,5/20/2024 16:00:00,64.77,5/20/2024 16:00:00,168.39
5/21/2024 16:00:00,464.63,5/21/2024 16:00:00,177.85,5/21/2024 16:00:00,183.15,5/21/2024 16:00:00,64.1,5/21/2024 16:00:00,167.79
5/22/2024 16:00:00,467.78,5/22/2024 16:00:00,176.38,5/22/2024 16:00:00,183.13,5/22/2024 16:00:00,62.19,5/22/2024 16:00:00,167.2
5/23/2024 16:00:00,465.78,5/23/2024 16:00:00,173.55,5/23/2024 16:00:00,181.05,5/23/2024 16:00:00,61.58,5/23/2024 16:00:00,166.37
5/24/2024 16:00:00,478.22,5/24/2024 16:00:00,174.99,5/24/2024 16:00:00,180.75,5/24/2024 16:00:00,61.64,5/24/2024 16:00:00,168.75
5/28/2024 16:00:00,479.92,5/28/2024 16:00:00,176.4,5/28/2024 16:00:00,182.15,5/28/2024 16:00:00,62.17,5/28/2024 16:00:00,172.11
5/29/2024 16:00:00,474.36,5/29/2024 16:00:00,175.9,5/29/2024 16:00:00,182.02,5/29/2024 16:00:00,61.05,5/29/2024 16:00:00,168.63
5/30/2024 16:00:00,467.05,5/30/2024 16:00:00,172.11,5/30/2024 16:00:00,179.32,5/30/2024 16:00:00,62.51,5/30/2024 16:00:00,172.39
5/31/2024 16:00:00,466.83,5/31/2024 16:00:00,172.5,5/31/2024 16:00:00,176.44,5/31/2024 16:00:00,62.99,5/31/2024 16:00:00,172.67
6/3/2024 16:00:00,477.49,6/3/2024 16:00:00,173.17,6/3/2024 16:00:00,178.34,6/3/2024 16:00:00,63.46,6/3/2024 16:00:00,169.43
6/4/2024 16:00:00,476.99,6/4/2024 16:00:00,173.79,6/4/2024 16:00:00,179.34,6/4/2024 16:00:00,63.33,6/4/2024 16:00:00,168.95
6/5/2024 16:00:00,495.06,6/5/2024 16:00:00,175.41,6/5/2024 16:00:00,181.28,6/5/2024 16:00:00,63.53,6/5/2024 16:00:00,171.06
6/6/2024 16:00:00,493.76,6/6/2024 16:00:00,176.73,6/6/2024 16:00:00,185,6/6/2024 16:00:00,67.02,6/6/2024 16:00:00,170.16
6/7/2024 16:00:00,492.96,6/7/2024 16:00:00,174.46,6/7/2024 16:00:00,184.3,6/7/2024 16:00:00,67.3,6/7/2024 16:00:00,167.93
6/10/2024 16:00:00,502.6,6/10/2024 16:00:00,175.01,6/10/2024 16:00:00,187.06,6/10/2024 16:00:00,67.09,6/10/2024 16:00:00,169.75
6/11/2024 16:00:00,507.47,6/11/2024 16:00:00,176.62,6/11/2024 16:00:00,187.23,6/11/2024 16:00:00,64.77,6/11/2024 16:00:00,169.54
6/12/2024 16:00:00,508.84,6/12/2024 16:00:00,177.79,6/12/2024 16:00:00,186.89,6/12/2024 16:00:00,63.43,6/12/2024 16:00:00,171.71
6/13/2024 16:00:00,504.1,6/13/2024 16:00:00,175.16,6/13/2024 16:00:00,183.83,6/13/2024 16:00:00,61.54,6/13/2024 16:00:00,171.14
6/14/2024 16:00:00,504.16,6/14/2024 16:00:00,176.79,6/14/2024 16:00:00,183.66,6/14/2024 16:00:00,60.64,6/14/2024 16:00:00,167.43
6/17/2024 16:00:00,506.63,6/17/2024 16:00:00,177.24,6/17/2024 16:00:00,184.06,6/17/2024 16:00:00,60.13,6/17/2024 16:00:00,171.62
6/18/2024 16:00:00,499.49,6/18/2024 16:00:00,175.09,6/18/2024 16:00:00,182.81,6/18/2024 16:00:00,59.12,6/18/2024 16:00:00,170.03
6/20/2024 16:00:00,501.7,6/20/2024 16:00:00,176.3,6/20/2024 16:00:00,186.1,6/20/2024 16:00:00,59.8,6/20/2024 16:00:00,169.36
6/21/2024 16:00:00,494.78,6/21/2024 16:00:00,179.63,6/21/2024 16:00:00,189.08,6/21/2024 16:00:00,60.61,6/21/2024 16:00:00,170.41
6/24/2024 16:00:00,498.91,6/24/2024 16:00:00,179.22,6/24/2024 16:00:00,185.57,6/24/2024 16:00:00,59.49,6/24/2024 16:00:00,170.86
6/25/2024 16:00:00,510.6,6/25/2024 16:00:00,184.03,6/25/2024 16:00:00,186.34,6/25/2024 16:00:00,59.33,6/25/2024 16:00:00,171.66
6/26/2024 16:00:00,513.12,6/26/2024 16:00:00,183.88,6/26/2024 16:00:00,193.61,6/26/2024 16:00:00,58.26,6/26/2024 16:00:00,172.02
6/27/2024 16:00:00,519.56,6/27/2024 16:00:00,185.41,6/27/2024 16:00:00,197.85,6/27/2024 16:00:00,58.37,6/27/2024 16:00:00,174.07
6/28/2024 16:00:00,504.22,6/28/2024 16:00:00,182.15,6/28/2024 16:00:00,193.25,6/28/2024 16:00:00,58.03,6/28/2024 16:00:00,171.71
7/1/2024 16:00:00,504.68,7/1/2024 16:00:00,182.99,7/1/2024 16:00:00,197.2,7/1/2024 16:00:00,57.81,7/1/2024 16:00:00,170.36
7/2/2024 16:00:00,509.5,7/2/2024 16:00:00,185.24,7/2/2024 16:00:00,200,7/2/2024 16:00:00,58.97,7/2/2024 16:00:00,167.61
7/3/2024 13:05:00,509.96,7/3/2024 13:05:00,185.82,7/3/2024 13:05:00,197.59,7/3/2024 13:05:00,59.64,7/3/2024 13:05:00,166.64
7/5/2024 16:00:00,539.91,7/5/2024 16:00:00,190.6,7/5/2024 16:00:00,200,7/5/2024 16:00:00,59.76,7/5/2024 16:00:00,170.68
7/8/2024 16:00:00,529.32,7/8/2024 16:00:00,189.03,7/8/2024 16:00:00,199.29,7/8/2024 16:00:00,59.09,7/8/2024 16:00:00,171.56
7/9/2024 16:00:00,530,7/9/2024 16:00:00,188.98,7/9/2024 16:00:00,199.34,7/9/2024 16:00:00,59,7/9/2024 16:00:00,166.52
7/10/2024 16:00:00,534.69,7/10/2024 16:00:00,191.18,7/10/2024 16:00:00,199.79,7/10/2024 16:00:00,58.9,7/10/2024 16:00:00,166.88
7/11/2024 16:00:00,512.7,7/11/2024 16:00:00,185.57,7/11/2024 16:00:00,195.05,7/11/2024 16:00:00,59.99,7/11/2024 16:00:00,167.51
7/12/2024 16:00:00,498.87,7/12/2024 16:00:00,185.07,7/12/2024 16:00:00,194.49,7/12/2024 16:00:00,60.27,7/12/2024 16:00:00,169.08
7/15/2024 16:00:00,496.16,7/15/2024 16:00:00,186.53,7/15/2024 16:00:00,192.72,7/15/2024 16:00:00,60.47,7/15/2024 16:00:00,169.7
7/16/2024 16:00:00,489.79,7/16/2024 16:00:00,183.92,7/16/2024 16:00:00,193.02,7/16/2024 16:00:00,61.81,7/16/2024 16:00:00,173.99
7/17/2024 16:00:00,461.99,7/17/2024 16:00:00,181.02,7/17/2024 16:00:00,187.93,7/17/2024 16:00:00,61.24,7/17/2024 16:00:00,171.57
7/18/2024 16:00:00,475.85,7/18/2024 16:00:00,177.69,7/18/2024 16:00:00,183.75,7/18/2024 16:00:00,60,7/18/2024 16:00:00,168.6
7/19/2024 16:00:00,476.79,7/19/2024 16:00:00,177.66,7/19/2024 16:00:00,183.13,7/19/2024 16:00:00,59.33,7/19/2024 16:00:00,171.44
7/22/2024 16:00:00,487.4,7/22/2024 16:00:00,181.67,7/22/2024 16:00:00,182.55,7/22/2024 16:00:00,60.77,7/22/2024 16:00:00,173.57
7/23/2024 16:00:00,488.69,7/23/2024 16:00:00,181.79,7/23/2024 16:00:00,186.41,7/23/2024 16:00:00,59.71,7/23/2024 16:00:00,172.23
7/24/2024 16:00:00,461.27,7/24/2024 16:00:00,172.63,7/24/2024 16:00:00,180.83,7/24/2024 16:00:00,58.07,7/24/2024 16:00:00,165.46
7/25/2024 16:00:00,453.41,7/25/2024 16:00:00,167.28,7/25/2024 16:00:00,179.85,7/25/2024 16:00:00,57.22,7/25/2024 16:00:00,166.02
7/26/2024 16:00:00,465.7,7/26/2024 16:00:00,167,7/26/2024 16:00:00,182.5,7/26/2024 16:00:00,58.29,7/26/2024 16:00:00,169.38
7/29/2024 16:00:00,465.71,7/29/2024 16:00:00,169.53,7/29/2024 16:00:00,183.2,7/29/2024 16:00:00,58.94,7/29/2024 16:00:00,172.44
7/30/2024 16:00:00,463.19,7/30/2024 16:00:00,170.29,7/30/2024 16:00:00,181.71,7/30/2024 16:00:00,64,7/30/2024 16:00:00,173.87
7/31/2024 16:00:00,474.83,7/31/2024 16:00:00,171.54,7/31/2024 16:00:00,186.98,7/31/2024 16:00:00,65.78,7/31/2024 16:00:00,174.61
8/1/2024 16:00:00,497.74,8/1/2024 16:00:00,170.76,8/1/2024 16:00:00,184.07,8/1/2024 16:00:00,65.31,8/1/2024 16:00:00,173.13
8/2/2024 16:00:00,488.14,8/2/2024 16:00:00,166.66,8/2/2024 16:00:00,167.9,8/2/2024 16:00:00,61.98,8/2/2024 16:00:00,166.13
8/5/2024 16:00:00,475.73,8/5/2024 16:00:00,159.25,8/5/2024 16:00:00,161.02,8/5/2024 16:00:00,60.46,8/5/2024 16:00:00,161.99
8/6/2024 16:00:00,494.09,8/6/2024 16:00:00,158.29,8/6/2024 16:00:00,161.93,8/6/2024 16:00:00,62.75,8/6/2024 16:00:00,166.5
8/7/2024 16:00:00,488.92,8/7/2024 16:00:00,158.94,8/7/2024 16:00:00,162.77,8/7/2024 16:00:00,62.74,8/7/2024 16:00:00,164.73
8/8/2024 16:00:00,509.63,8/8/2024 16:00:00,162.03,8/8/2024 16:00:00,165.8,8/8/2024 16:00:00,64.28,8/8/2024 16:00:00,168.09
8/9/2024 16:00:00,517.77,8/9/2024 16:00:00,163.67,8/9/2024 16:00:00,166.94,8/9/2024 16:00:00,64.72,8/9/2024 16:00:00,167.56
8/12/2024 16:00:00,515.95,8/12/2024 16:00:00,162.29,8/12/2024 16:00:00,166.8,8/12/2024 16:00:00,63.46,8/12/2024 16:00:00,166.97
8/13/2024 16:00:00,528.54,8/13/2024 16:00:00,164.16,8/13/2024 16:00:00,170.23,8/13/2024 16:00:00,65.11,8/13/2024 16:00:00,169.71
8/14/2024 16:00:00,526.76,8/14/2024 16:00:00,160.37,8/14/2024 16:00:00,170.1,8/14/2024 16:00:00,66.14,8/14/2024 16:00:00,167.69
8/15/2024 16:00:00,537.33,8/15/2024 16:00:00,161.3,8/15/2024 16:00:00,177.59,8/15/2024 16:00:00,67.94,8/15/2024 16:00:00,170
8/16/2024 16:00:00,527.42,8/16/2024 16:00:00,162.96,8/16/2024 16:00:00,177.06,8/16/2024 16:00:00,67.96,8/16/2024 16:00:00,167.26
8/19/2024 16:00:00,529.28,8/19/2024 16:00:00,166.67,8/19/2024 16:00:00,178.22,8/19/2024 16:00:00,69.43,8/19/2024 16:00:00,168.12
8/20/2024 16:00:00,526.73,8/20/2024 16:00:00,167.18,8/20/2024 16:00:00,178.88,8/20/2024 16:00:00,71.89,8/20/2024 16:00:00,166.73
8/21/2024 16:00:00,535.16,8/21/2024 16:00:00,165.85,8/21/2024 16:00:00,180.11,8/21/2024 16:00:00,71.46,8/21/2024 16:00:00,169.61
8/22/2024 16:00:00,531.93,8/22/2024 16:00:00,163.8,8/22/2024 16:00:00,176.13,8/22/2024 16:00:00,71.52,8/22/2024 16:00:00,168.32
8/23/2024 16:00:00,528,8/23/2024 16:00:00,165.62,8/23/2024 16:00:00,177.04,8/23/2024 16:00:00,71.7,8/23/2024 16:00:00,168.59
8/26/2024 16:00:00,521.12,8/26/2024 16:00:00,166.16,8/26/2024 16:00:00,175.5,8/26/2024 16:00:00,72.04,8/26/2024 16:00:00,167.79
8/27/2024 16:00:00,519.1,8/27/2024 16:00:00,164.68,8/27/2024 16:00:00,173.12,8/27/2024 16:00:00,71.59,8/27/2024 16:00:00,169.01
8/28/2024 16:00:00,516.78,8/28/2024 16:00:00,162.85,8/28/2024 16:00:00,170.8,8/28/2024 16:00:00,70.43,8/28/2024 16:00:00,169.6
8/29/2024 16:00:00,518.22,8/29/2024 16:00:00,161.78,8/29/2024 16:00:00,172.12,8/29/2024 16:00:00,73.16,8/29/2024 16:00:00,168.63
8/30/2024 16:00:00,521.31,8/30/2024 16:00:00,163.38,8/30/2024 16:00:00,178.5,8/30/2024 16:00:00,72.43,8/30/2024 16:00:00,168.75
9/3/2024 16:00:00,511.76,9/3/2024 16:00:00,157.36,9/3/2024 16:00:00,176.25,9/3/2024 16:00:00,72,9/3/2024 16:00:00,166.69
9/4/2024 16:00:00,512.74,9/4/2024 16:00:00,156.45,9/4/2024 16:00:00,173.33,9/4/2024 16:00:00,72.61,9/4/2024 16:00:00,167.76
9/5/2024 16:00:00,516.86,9/5/2024 16:00:00,157.24,9/5/2024 16:00:00,177.89,9/5/2024 16:00:00,72.03,9/5/2024 16:00:00,165.24
9/6/2024 16:00:00,500.27,9/6/2024 16:00:00,150.92,9/6/2024 16:00:00,171.39,9/6/2024 16:00:00,68.89,9/6/2024 16:00:00,161.81
9/9/2024 16:00:00,504.79,9/9/2024 16:00:00,148.71,9/9/2024 16:00:00,175.4,9/9/2024 16:00:00,69.35,9/9/2024 16:00:00,161.26
9/10/2024 16:00:00,504.79,9/10/2024 16:00:00,148.66,9/10/2024 16:00:00,179.55,9/10/2024 16:00:00,68.85,9/10/2024 16:00:00,159.84
9/11/2024 16:00:00,511.83,9/11/2024 16:00:00,151.16,9/11/2024 16:00:00,184.52,9/11/2024 16:00:00,69.35,9/11/2024 16:00:00,162.96
9/12/2024 16:00:00,525.6,9/12/2024 16:00:00,154.69,9/12/2024 16:00:00,187,9/12/2024 16:00:00,70.36,9/12/2024 16:00:00,161.85
9/13/2024 16:00:00,524.62,9/13/2024 16:00:00,157.46,9/13/2024 16:00:00,186.49,9/13/2024 16:00:00,70.1,9/13/2024 16:00:00,163.92
9/16/2024 16:00:00,533.28,9/16/2024 16:00:00,158.06,9/16/2024 16:00:00,184.89,9/16/2024 16:00:00,71.07,9/16/2024 16:00:00,163.3
9/17/2024 16:00:00,536.32,9/17/2024 16:00:00,159.32,9/17/2024 16:00:00,186.88,9/17/2024 16:00:00,71.77,9/17/2024 16:00:00,165.62
9/18/2024 16:00:00,537.95,9/18/2024 16:00:00,159.81,9/18/2024 16:00:00,186.43,9/18/2024 16:00:00,73.12,9/18/2024 16:00:00,163.11
9/19/2024 16:00:00,559.1,9/19/2024 16:00:00,162.14,9/19/2024 16:00:00,189.87,9/19/2024 16:00:00,77.57,9/19/2024 16:00:00,172.49
9/20/2024 16:00:00,561.35,9/20/2024 16:00:00,163.59,9/20/2024 16:00:00,191.6,9/20/2024 16:00:00,76.76,9/20/2024 16:00:00,169.71
9/23/2024 16:00:00,564.41,9/23/2024 16:00:00,161.85,9/23/2024 16:00:00,193.88,9/23/2024 16:00:00,77.67,9/23/2024 16:00:00,175.28
9/24/2024 16:00:00,563.33,9/24/2024 16:00:00,162.29,9/24/2024 16:00:00,193.96,9/24/2024 16:00:00,78.34,9/24/2024 16:00:00,175.58
9/25/2024 16:00:00,568.31,9/25/2024 16:00:00,161.49,9/25/2024 16:00:00,192.53,9/25/2024 16:00:00,77.36,9/25/2024 16:00:00,177.13
9/26/2024 16:00:00,567.84,9/26/2024 16:00:00,162.73,9/26/2024 16:00:00,191.16,9/26/2024 16:00:00,80.08,9/26/2024 16:00:00,178.33
9/27/2024 16:00:00,567.36,9/27/2024 16:00:00,163.95,9/27/2024 16:00:00,187.97,9/27/2024 16:00:00,77.88,9/27/2024 16:00:00,174.9
9/30/2024 16:00:00,572.44,9/30/2024 16:00:00,165.85,9/30/2024 16:00:00,186.33,9/30/2024 16:00:00,78.03,9/30/2024 16:00:00,176.6
10/1/2024 16:00:00,576.47,10/1/2024 16:00:00,166.99,10/1/2024 16:00:00,185.13,10/1/2024 16:00:00,77.47,10/1/2024 16:00:00,177.22
10/2/2024 16:00:00,572.81,10/2/2024 16:00:00,165.86,10/2/2024 16:00:00,184.76,10/2/2024 16:00:00,77.44,10/2/2024 16:00:00,178.23
10/3/2024 16:00:00,582.77,10/3/2024 16:00:00,165.86,10/3/2024 16:00:00,181.96,10/3/2024 16:00:00,77.31,10/3/2024 16:00:00,175.55
10/4/2024 16:00:00,595.94,10/4/2024 16:00:00,167.06,10/4/2024 16:00:00,186.51,10/4/2024 16:00:00,79.36,10/4/2024 16:00:00,178.65
10/7/2024 16:00:00,584.78,10/7/2024 16:00:00,162.98,10/7/2024 16:00:00,180.8,10/7/2024 16:00:00,80.26,10/7/2024 16:00:00,175.53
10/8/2024 16:00:00,592.89,10/8/2024 16:00:00,164.38,10/8/2024 16:00:00,182.72,10/8/2024 16:00:00,81.16,10/8/2024 16:00:00,176.86
10/9/2024 16:00:00,590.51,10/9/2024 16:00:00,161.86,10/9/2024 16:00:00,185.17,10/9/2024 16:00:00,81.65,10/9/2024 16:00:00,175.98
10/10/2024 16:00:00,583.83,10/10/2024 16:00:00,162.08,10/10/2024 16:00:00,186.65,10/10/2024 16:00:00,78.98,10/10/2024 16:00:00,174.04
10/11/2024 16:00:00,589.95,10/11/2024 16:00:00,163.24,10/11/2024 16:00:00,188.82,10/11/2024 16:00:00,80.51,10/11/2024 16:00:00,175.7
10/14/2024 16:00:00,590.42,10/14/2024 16:00:00,164.96,10/14/2024 16:00:00,187.54,10/14/2024 16:00:00,80.67,10/14/2024 16:00:00,176.05
10/15/2024 16:00:00,590.42,10/15/2024 16:00:00,165.46,10/15/2024 16:00:00,187.54,10/15/2024 16:00:00,79.55,10/15/2024 16:00:00,181.61
10/16/2024 16:00:00,576.79,10/16/2024 16:00:00,165.16,10/16/2024 16:00:00,186.89,10/16/2024 16:00:00,80.82,10/16/2024 16:00:00,182.66
10/17/2024 16:00:00,576.93,10/17/2024 16:00:00,162.93,10/17/2024 16:00:00,187.53,10/17/2024 16:00:00,79.82,10/17/2024 16:00:00,182.3
10/18/2024 16:00:00,576.47,10/18/2024 16:00:00,163.42,10/18/2024 16:00:00,188.99,10/18/2024 16:00:00,80.94,10/18/2024 16:00:00,183.89
10/21/2024 16:00:00,575.16,10/21/2024 16:00:00,164.07,10/21/2024 16:00:00,189.07,10/21/2024 16:00:00,80.56,10/21/2024 16:00:00,181.02
10/22/2024 16:00:00,582.01,10/22/2024 16:00:00,165.14,10/22/2024 16:00:00,189.7,10/22/2024 16:00:00,80.91,10/22/2024 16:00:00,180.43
10/23/2024 16:00:00,563.69,10/23/2024 16:00:00,162.78,10/23/2024 16:00:00,184.71,10/23/2024 16:00:00,80.83,10/23/2024 16:00:00,178.99
10/24/2024 16:00:00,567.78,10/24/2024 16:00:00,162.72,10/24/2024 16:00:00,186.38,10/24/2024 16:00:00,81.39,10/24/2024 16:00:00,180.9
10/25/2024 16:00:00,573.25,10/25/2024 16:00:00,165.27,10/25/2024 16:00:00,187.83,10/25/2024 16:00:00,81.7,10/25/2024 16:00:00,187.38
10/28/2024 16:00:00,578.16,10/28/2024 16:00:00,166.72,10/28/2024 16:00:00,188.39,10/28/2024 16:00:00,83.59,10/28/2024 16:00:00,188.11
10/30/2024 16:00:00,591.8,10/29/2024 16:00:00,169.68,10/30/2024 16:00:00,192.73,10/29/2024 16:00:00,80.28,10/29/2024 16:00:00,193.18
10/31/2024 16:00:00,567.58,10/30/2024 16:00:00,174.46,10/31/2024 16:00:00,186.4,10/30/2024 16:00:00,78.22,10/30/2024 16:00:00,193.95
11/1/2024 16:00:00,567.16,10/31/2024 16:00:00,171.11,11/1/2024 16:00:00,197.93,10/31/2024 16:00:00,79.3,10/31/2024 16:00:00,191.12
11/4/2024 16:00:00,560.68,11/1/2024 16:00:00,171.29,11/4/2024 16:00:00,195.78,11/1/2024 16:00:00,77.25,11/1/2024 16:00:00,187.52
11/5/2024 16:00:00,572.43,11/4/2024 16:00:00,169.24,11/5/2024 16:00:00,199.5,11/4/2024 16:00:00,78.13,11/4/2024 16:00:00,185.41
11/6/2024 16:00:00,572.05,11/5/2024 16:00:00,169.74,11/6/2024 16:00:00,207.09,11/5/2024 16:00:00,79.25,11/5/2024 16:00:00,189.17
11/7/2024 16:00:00,591.7,11/6/2024 16:00:00,176.51,11/7/2024 16:00:00,210.05,11/6/2024 16:00:00,81.41,11/6/2024 16:00:00,197.97
11/8/2024 16:00:00,589.34,11/7/2024 16:00:00,180.75,11/8/2024 16:00:00,208.18,11/7/2024 16:00:00,81.35,11/7/2024 16:00:00,196.59
11/11/2024 16:00:00,583.17,11/8/2024 16:00:00,178.35,11/11/2024 16:00:00,206.84,11/8/2024 16:00:00,83.01,11/8/2024 16:00:00,197.77
11/12/2024 16:00:00,584.82,11/11/2024 16:00:00,180.35,11/12/2024 16:00:00,208.91,11/11/2024 16:00:00,86.94,11/11/2024 16:00:00,194.48
11/13/2024 16:00:00,580,11/12/2024 16:00:00,181.62,11/13/2024 16:00:00,214.1,11/12/2024 16:00:00,86.4,11/12/2024 16:00:00,196.19
11/14/2024 16:00:00,577.16,11/13/2024 16:00:00,178.88,11/14/2024 16:00:00,211.48,11/13/2024 16:00:00,87.31,11/13/2024 16:00:00,200.59
11/15/2024 16:00:00,554.08,11/14/2024 16:00:00,175.58,11/15/2024 16:00:00,202.61,11/14/2024 16:00:00,85.79,11/14/2024 16:00:00,198.91
11/18/2024 16:00:00,554.4,11/15/2024 16:00:00,172.49,11/18/2024 16:00:00,201.7,11/15/2024 16:00:00,85.83,11/15/2024 16:00:00,197.99
11/19/2024 16:00:00,561.09,11/18/2024 16:00:00,175.3,11/19/2024 16:00:00,204.61,11/18/2024 16:00:00,84.67,11/18/2024 16:00:00,195.77
11/20/2024 16:00:00,565.52,11/19/2024 16:00:00,178.12,11/20/2024 16:00:00,202.88,11/19/2024 16:00:00,84.09,11/19/2024 16:00:00,193.62
11/21/2024 16:00:00,563.09,11/20/2024 16:00:00,175.98,11/21/2024 16:00:00,198.38,11/20/2024 16:00:00,84.74,11/20/2024 16:00:00,193.41
11/22/2024 16:00:00,559.14,11/21/2024 16:00:00,167.63,11/22/2024 16:00:00,197.12,11/21/2024 16:00:00,84.82,11/21/2024 16:00:00,192.56
11/25/2024 16:00:00,565.11,11/22/2024 16:00:00,164.76,11/25/2024 16:00:00,201.45,11/22/2024 16:00:00,86.77,11/22/2024 16:00:00,194.9
11/26/2024 16:00:00,573.54,11/25/2024 16:00:00,167.65,11/26/2024 16:00:00,207.86,11/25/2024 16:00:00,87.77,11/25/2024 16:00:00,202.12
11/27/2024 16:00:00,569.2,11/26/2024 16:00:00,169.12,11/27/2024 16:00:00,205.74,11/26/2024 16:00:00,86.94,11/26/2024 16:00:00,204.71
11/29/2024 13:05:00,574.32,11/27/2024 16:00:00,169.23,11/29/2024 13:05:00,207.89,11/27/2024 16:00:00,86.57,11/27/2024 16:00:00,203.36
12/2/2024 16:00:00,592.83,11/29/2024 13:05:00,168.95,12/2/2024 16:00:00,210.71,11/29/2024 13:05:00,86.77,11/29/2024 13:05:00,205.27
12/3/2024 16:00:00,613.65,12/2/2024 16:00:00,171.49,12/3/2024 16:00:00,213.44,12/2/2024 16:00:00,86.53,12/2/2024 16:00:00,198.2
12/4/2024 16:00:00,613.78,12/3/2024 16:00:00,171.34,12/4/2024 16:00:00,218.16,12/3/2024 16:00:00,85.14,12/3/2024 16:00:00,196.1
12/5/2024 16:00:00,608.93,12/4/2024 16:00:00,174.37,12/5/2024 16:00:00,220.55,12/4/2024 16:00:00,89.33,12/4/2024 16:00:00,199.86
12/6/2024 16:00:00,623.77,12/5/2024 16:00:00,172.64,12/6/2024 16:00:00,227.03,12/5/2024 16:00:00,89.05,12/5/2024 16:00:00,196.31
12/9/2024 16:00:00,613.57,12/6/2024 16:00:00,174.71,12/9/2024 16:00:00,226.09,12/6/2024 16:00:00,89.88,12/6/2024 16:00:00,196.56
12/10/2024 16:00:00,619.32,12/9/2024 16:00:00,175.37,12/10/2024 16:00:00,225.04,12/9/2024 16:00:00,90,12/9/2024 16:00:00,192.42
12/11/2024 16:00:00,632.68,12/10/2024 16:00:00,185.17,12/11/2024 16:00:00,230.26,12/10/2024 16:00:00,88.76,12/10/2024 16:00:00,192.42
12/12/2024 16:00:00,630.79,12/11/2024 16:00:00,195.4,12/12/2024 16:00:00,228.97,12/11/2024 16:00:00,90.75,12/11/2024 16:00:00,192.61
12/13/2024 16:00:00,620.35,12/12/2024 16:00:00,191.96,12/13/2024 16:00:00,227.46,12/12/2024 16:00:00,89.4,12/12/2024 16:00:00,189.75
12/16/2024 16:00:00,624.24,12/13/2024 16:00:00,189.82,12/16/2024 16:00:00,232.93,12/13/2024 16:00:00,91.02,12/13/2024 16:00:00,186.86
12/17/2024 16:00:00,619.44,12/16/2024 16:00:00,196.66,12/17/2024 16:00:00,231.15,12/16/2024 16:00:00,91.3,12/16/2024 16:00:00,187.53
12/18/2024 16:00:00,597.19,12/17/2024 16:00:00,195.42,12/18/2024 16:00:00,220.52,12/17/2024 16:00:00,90.86,12/17/2024 16:00:00,186.92
12/19/2024 16:00:00,595.57,12/18/2024 16:00:00,188.4,12/19/2024 16:00:00,223.29,12/18/2024 16:00:00,85.45,12/18/2024 16:00:00,178.95
12/20/2024 16:00:00,585.25,12/19/2024 16:00:00,188.51,12/20/2024 16:00:00,224.92,12/19/2024 16:00:00,86.78,12/19/2024 16:00:00,182.86
12/23/2024 16:00:00,599.85,12/20/2024 16:00:00,191.41,12/23/2024 16:00:00,225.06,12/20/2024 16:00:00,87.13,12/20/2024 16:00:00,181.38
12/24/2024 13:05:00,607.75,12/23/2024 16:00:00,194.63,12/24/2024 13:05:00,229.05,12/23/2024 16:00:00,86.9,12/23/2024 16:00:00,180.42
12/26/2024 16:00:00,603.35,12/24/2024 13:05:00,196.11,12/26/2024 16:00:00,227.05,12/24/2024 13:05:00,88.25,12/24/2024 13:05:00,182.58
12/27/2024 16:00:00,599.81,12/26/2024 16:00:00,195.6,12/27/2024 16:00:00,223.75,12/26/2024 16:00:00,88.14,12/26/2024 16:00:00,182.54
12/30/2024 16:00:00,591.24,12/27/2024 16:00:00,192.76,12/30/2024 16:00:00,221.3,12/27/2024 16:00:00,86.86,12/27/2024 16:00:00,181.86
12/31/2024 16:00:00,585.51,12/30/2024 16:00:00,191.24,12/31/2024 16:00:00,219.39,12/30/2024 16:00:00,85.43,12/30/2024 16:00:00,180.19
1/2/2025 16:00:00,599.24,12/31/2024 16:00:00,189.3,1/2/2025 16:00:00,220.22,12/31/2024 16:00:00,85.35,12/31/2024 16:00:00,180.43
1/3/2025 16:00:00,604.63,1/2/2025 16:00:00,189.43,1/3/2025 16:00:00,224.19,1/2/2025 16:00:00,86.18,1/2/2025 16:00:00,181.2
1/6/2025 16:00:00,630.2,1/3/2025 16:00:00,191.79,1/6/2025 16:00:00,227.61,1/3/2025 16:00:00,87.6,1/3/2025 16:00:00,182.94
1/7/2025 16:00:00,617.89,1/6/2025 16:00:00,196.87,1/7/2025 16:00:00,222.11,1/6/2025 16:00:00,89.53,1/6/2025 16:00:00,180.97
1/8/2025 16:00:00,610.72,1/7/2025 16:00:00,195.49,1/8/2025 16:00:00,222.13,1/7/2025 16:00:00,87.97,1/7/2025 16:00:00,181.27
1/10/2025 16:00:00,615.86,1/8/2025 16:00:00,193.95,1/10/2025 16:00:00,218.94,1/8/2025 16:00:00,87.94,1/8/2025 16:00:00,182.05
1/13/2025 16:00:00,608.33,1/10/2025 16:00:00,192.04,1/13/2025 16:00:00,218.46,1/10/2025 16:00:00,83.36,1/10/2025 16:00:00,178.12
1/14/2025 16:00:00,594.25,1/13/2025 16:00:00,191.01,1/14/2025 16:00:00,217.76,1/13/2025 16:00:00,83.99,1/13/2025 16:00:00,180.32
1/15/2025 16:00:00,617.12,1/14/2025 16:00:00,189.66,1/15/2025 16:00:00,223.35,1/14/2025 16:00:00,87.18,1/14/2025 16:00:00,179.33
1/16/2025 16:00:00,611.3,1/15/2025 16:00:00,195.55,1/16/2025 16:00:00,220.66,1/15/2025 16:00:00,89.64,1/15/2025 16:00:00,179.29
1/17/2025 16:00:00,612.77,1/16/2025 16:00:00,192.91,1/17/2025 16:00:00,225.94,1/16/2025 16:00:00,88.92,1/16/2025 16:00:00,178.32
1/21/2025 16:00:00,616.46,1/17/2025 16:00:00,196,1/21/2025 16:00:00,230.71,1/17/2025 16:00:00,91.81,1/17/2025 16:00:00,178.95
1/22/2025 16:00:00,623.5,1/21/2025 16:00:00,198.05,1/22/2025 16:00:00,235.01,1/21/2025 16:00:00,89.77,1/21/2025 16:00:00,182.04
1/23/2025 16:00:00,636.45,1/22/2025 16:00:00,198.37,1/23/2025 16:00:00,235.42,1/22/2025 16:00:00,89.85,1/22/2025 16:00:00,180.04
1/24/2025 16:00:00,647.49,1/23/2025 16:00:00,197.98,1/24/2025 16:00:00,234.85,1/23/2025 16:00:00,89.73,1/23/2025 16:00:00,179.13
1/27/2025 16:00:00,659.88,1/24/2025 16:00:00,200.21,1/27/2025 16:00:00,235.42,1/24/2025 16:00:00,89.11,1/24/2025 16:00:00,178.55
1/28/2025 16:00:00,674.33,1/27/2025 16:00:00,191.81,1/28/2025 16:00:00,238.15,1/27/2025 16:00:00,90.24,1/27/2025 16:00:00,181.19
1/29/2025 16:00:00,676.49,1/28/2025 16:00:00,195.3,1/29/2025 16:00:00,237.07,1/28/2025 16:00:00,88.19,1/28/2025 16:00:00,180.91
1/30/2025 16:00:00,687,1/29/2025 16:00:00,195.41,1/30/2025 16:00:00,234.64,1/29/2025 16:00:00,88.76,1/29/2025 16:00:00,182.04
1/31/2025 16:00:00,689.18,1/30/2025 16:00:00,200.87,1/31/2025 16:00:00,237.68,1/30/2025 16:00:00,89.57,1/30/2025 16:00:00,182.65
2/3/2025 16:00:00,697.46,1/31/2025 16:00:00,204.02,2/3/2025 16:00:00,237.42,1/31/2025 16:00:00,88.58,1/31/2025 16:00:00,181.1
2/4/2025 16:00:00,704.19,2/3/2025 16:00:00,201.23,2/4/2025 16:00:00,242.06,2/3/2025 16:00:00,89.51,2/3/2025 16:00:00,183.49
2/5/2025 16:00:00,704.87,2/4/2025 16:00:00,206.38,2/5/2025 16:00:00,236.17,2/4/2025 16:00:00,77.72,2/4/2025 16:00:00,182.02
2/6/2025 16:00:00,711.99,2/5/2025 16:00:00,191.33,2/6/2025 16:00:00,238.83,2/5/2025 16:00:00,79.2,2/5/2025 16:00:00,182.02
2/7/2025 16:00:00,714.52,2/6/2025 16:00:00,191.6,2/7/2025 16:00:00,229.15,2/6/2025 16:00:00,78.57,2/6/2025 16:00:00,178.45
2/10/2025 16:00:00,717.4,2/7/2025 16:00:00,185.34,2/10/2025 16:00:00,233.14,2/7/2025 16:00:00,77.31,2/7/2025 16:00:00,175.96
2/11/2025 16:00:00,719.8,2/10/2025 16:00:00,186.47,2/11/2025 16:00:00,232.76,2/10/2025 16:00:00,78.24,2/10/2025 16:00:00,173.6
2/12/2025 16:00:00,725.38,2/11/2025 16:00:00,185.32,2/12/2025 16:00:00,228.93,2/11/2025 16:00:00,76.21,2/11/2025 16:00:00,170.77
2/13/2025 16:00:00,728.56,2/12/2025 16:00:00,183.61,2/13/2025 16:00:00,230.37,2/12/2025 16:00:00,76.27,2/12/2025 16:00:00,168.52
2/14/2025 16:00:00,736.67,2/13/2025 16:00:00,186.14,2/14/2025 16:00:00,228.68,2/13/2025 16:00:00,76.59,2/13/2025 16:00:00,171.43
2/18/2025 16:00:00,716.37,2/14/2025 16:00:00,185.23,2/18/2025 16:00:00,226.65,2/14/2025 16:00:00,77.97,2/14/2025 16:00:00,171.7
2/19/2025 16:00:00,703.77,2/18/2025 16:00:00,183.77,2/19/2025 16:00:00,226.63,2/18/2025 16:00:00,78.62,2/18/2025 16:00:00,177.48
2/20/2025 16:00:00,694.84,2/19/2025 16:00:00,185.27,2/20/2025 16:00:00,222.88,2/19/2025 16:00:00,78.36,2/19/2025 16:00:00,174.02
2/21/2025 16:00:00,683.55,2/20/2025 16:00:00,184.56,2/21/2025 16:00:00,216.58,2/20/2025 16:00:00,77.63,2/20/2025 16:00:00,171.57
2/24/2025 16:00:00,668.13,2/21/2025 16:00:00,179.66,2/24/2025 16:00:00,212.71,2/21/2025 16:00:00,74.95,2/21/2025 16:00:00,169.13
2/25/2025 16:00:00,657.5,2/24/2025 16:00:00,179.25,2/25/2025 16:00:00,212.8,2/24/2025 16:00:00,75.25,2/24/2025 16:00:00,172.05
2/26/2025 16:00:00,673.7,2/25/2025 16:00:00,175.42,2/26/2025 16:00:00,214.35,2/25/2025 16:00:00,74.07,2/25/2025 16:00:00,174.88
2/27/2025 16:00:00,658.24,2/26/2025 16:00:00,172.73,2/27/2025 16:00:00,208.74,2/26/2025 16:00:00,72.05,2/26/2025 16:00:00,175.71
2/28/2025 16:00:00,668.2,2/27/2025 16:00:00,168.5,2/28/2025 16:00:00,212.28,2/27/2025 16:00:00,70.73,2/27/2025 16:00:00,177.9
3/3/2025 16:00:00,655.05,2/28/2025 16:00:00,170.28,3/3/2025 16:00:00,205.02,2/28/2025 16:00:00,71.05,2/28/2025 16:00:00,184.09
3/4/2025 16:00:00,640,3/3/2025 16:00:00,167.01,3/4/2025 16:00:00,203.8,3/3/2025 16:00:00,69.75,3/3/2025 16:00:00,181.21
3/5/2025 16:00:00,656.47,3/4/2025 16:00:00,170.92,3/5/2025 16:00:00,208.36,3/4/2025 16:00:00,67.48,3/4/2025 16:00:00,184.98
3/6/2025 16:00:00,627.93,3/5/2025 16:00:00,173.02,3/6/2025 16:00:00,200.7,3/5/2025 16:00:00,69.5,3/5/2025 16:00:00,185.86
3/7/2025 16:00:00,625.66,3/6/2025 16:00:00,172.35,3/7/2025 16:00:00,199.25,3/6/2025 16:00:00,68.08,3/6/2025 16:00:00,179.23
3/10/2025 16:00:00,597.99,3/7/2025 16:00:00,173.86,3/10/2025 16:00:00,194.54,3/7/2025 16:00:00,70.48,3/7/2025 16:00:00,179.03
3/11/2025 16:00:00,605.71,3/10/2025 16:00:00,165.87,3/11/2025 16:00:00,196.59,3/10/2025 16:00:00,68.16,3/10/2025 16:00:00,178.33
3/12/2025 16:00:00,619.56,3/11/2025 16:00:00,164.04,3/12/2025 16:00:00,198.89,3/11/2025 16:00:00,67.98,3/11/2025 16:00:00,177.12
3/13/2025 16:00:00,590.64,3/12/2025 16:00:00,167.11,3/13/2025 16:00:00,193.89,3/12/2025 16:00:00,68.62,3/12/2025 16:00:00,175.39
3/14/2025 16:00:00,607.6,3/13/2025 16:00:00,162.76,3/14/2025 16:00:00,197.95,3/13/2025 16:00:00,66.91,3/13/2025 16:00:00,167.78
3/17/2025 16:00:00,604.9,3/14/2025 16:00:00,165.49,3/17/2025 16:00:00,195.74,3/14/2025 16:00:00,68.95,3/14/2025 16:00:00,172.49
3/18/2025 16:00:00,582.36,3/17/2025 16:00:00,164.29,3/18/2025 16:00:00,192.82,3/17/2025 16:00:00,69.65,3/17/2025 16:00:00,171.95
3/19/2025 16:00:00,584.06,3/18/2025 16:00:00,160.67,3/19/2025 16:00:00,195.54,3/18/2025 16:00:00,68.88,3/18/2025 16:00:00,167.09
3/20/2025 16:00:00,586,3/19/2025 16:00:00,163.89,3/20/2025 16:00:00,194.95,3/19/2025 16:00:00,70,3/19/2025 16:00:00,170.04
3/21/2025 16:00:00,596.25,3/20/2025 16:00:00,162.8,3/21/2025 16:00:00,196.21,3/20/2025 16:00:00,69.67,3/20/2025 16:00:00,170.75
3/24/2025 16:00:00,618.85,3/21/2025 16:00:00,163.99,3/24/2025 16:00:00,203.26,3/21/2025 16:00:00,70.19,3/21/2025 16:00:00,169.88
3/25/2025 16:00:00,626.31,3/24/2025 16:00:00,167.68,3/25/2025 16:00:00,205.71,3/24/2025 16:00:00,70.97,3/24/2025 16:00:00,175.87
3/26/2025 16:00:00,610.98,3/25/2025 16:00:00,170.56,3/26/2025 16:00:00,201.13,3/25/2025 16:00:00,70.86,3/25/2025 16:00:00,177.5
3/27/2025 16:00:00,602.58,3/26/2025 16:00:00,165.06,3/27/2025 16:00:00,201.36,3/26/2025 16:00:00,69.97,3/26/2025 16:00:00,175.53
3/28/2025 16:00:00,576.74,3/27/2025 16:00:00,162.24,3/28/2025 16:00:00,192.72,3/27/2025 16:00:00,68.86,3/27/2025 16:00:00,174.74
3/31/2025 16:00:00,576.36,3/28/2025 16:00:00,154.33,3/31/2025 16:00:00,190.26,3/28/2025 16:00:00,65.15,3/28/2025 16:00:00,171.05
4/1/2025 16:00:00,586,3/31/2025 16:00:00,154.64,4/1/2025 16:00:00,192.17,3/31/2025 16:00:00,65.25,3/31/2025 16:00:00,166.63
4/2/2025 16:00:00,583.93,4/1/2025 16:00:00,157.07,4/2/2025 16:00:00,196.01,4/1/2025 16:00:00,66.1,4/1/2025 16:00:00,168.92
4/3/2025 16:00:00,531.62,4/2/2025 16:00:00,157.04,4/3/2025 16:00:00,178.41,4/2/2025 16:00:00,67.15,4/2/2025 16:00:00,172.22
4/4/2025 16:00:00,504.73,4/3/2025 16:00:00,150.72,4/4/2025 16:00:00,171,4/3/2025 16:00:00,61.71,4/3/2025 16:00:00,167.05
4/7/2025 16:00:00,516.25,4/4/2025 16:00:00,145.6,4/7/2025 16:00:00,175.26,4/4/2025 16:00:00,58.37,4/4/2025 16:00:00,159.86
4/8/2025 16:00:00,510.45,4/7/2025 16:00:00,146.75,4/8/2025 16:00:00,170.66,4/7/2025 16:00:00,58.53,4/7/2025 16:00:00,154.9
4/9/2025 16:00:00,585.77,4/8/2025 16:00:00,144.7,4/9/2025 16:00:00,191.1,4/8/2025 16:00:00,57.41,4/8/2025 16:00:00,153.22
4/10/2025 16:00:00,546.29,4/9/2025 16:00:00,158.71,4/10/2025 16:00:00,181.22,4/9/2025 16:00:00,63.95,4/9/2025 16:00:00,166
4/11/2025 16:00:00,543.57,4/10/2025 16:00:00,152.82,4/11/2025 16:00:00,184.87,4/10/2025 16:00:00,60.56,4/10/2025 16:00:00,161.71
4/14/2025 16:00:00,531.48,4/11/2025 16:00:00,157.14,4/14/2025 16:00:00,182.12,4/11/2025 16:00:00,62.59,4/11/2025 16:00:00,160.17
4/15/2025 16:00:00,521.52,4/14/2025 16:00:00,159.07,4/15/2025 16:00:00,179.59,4/14/2025 16:00:00,62.27,4/14/2025 16:00:00,163.13
4/16/2025 16:00:00,502.31,4/15/2025 16:00:00,156.31,4/16/2025 16:00:00,174.33,4/15/2025 16:00:00,62,4/15/2025 16:00:00,163.01
4/17/2025 16:00:00,501.48,4/16/2025 16:00:00,153.33,4/17/2025 16:00:00,172.61,4/16/2025 16:00:00,60.24,4/16/2025 16:00:00,160.51
4/21/2025 16:00:00,484.66,4/17/2025 16:00:00,151.16,4/21/2025 16:00:00,167.32,4/17/2025 16:00:00,61,4/17/2025 16:00:00,161.89
4/22/2025 16:00:00,500.28,4/21/2025 16:00:00,147.67,4/22/2025 16:00:00,173.18,4/21/2025 16:00:00,60.29,4/21/2025 16:00:00,159.52
4/23/2025 16:00:00,520.27,4/22/2025 16:00:00,151.47,4/23/2025 16:00:00,180.6,4/22/2025 16:00:00,61.42,4/22/2025 16:00:00,162.95
4/24/2025 16:00:00,533.15,4/23/2025 16:00:00,155.35,4/24/2025 16:00:00,186.54,4/23/2025 16:00:00,62.46,4/23/2025 16:00:00,163.41
4/25/2025 16:00:00,547.27,4/24/2025 16:00:00,159.28,4/25/2025 16:00:00,188.99,4/24/2025 16:00:00,64.77,4/24/2025 16:00:00,161.84
4/28/2025 16:00:00,549.74,4/25/2025 16:00:00,161.96,4/28/2025 16:00:00,187.7,4/25/2025 16:00:00,65.34,4/25/2025 16:00:00,161.64
4/29/2025 16:00:00,554.44,4/28/2025 16:00:00,160.61,4/29/2025 16:00:00,187.39,4/28/2025 16:00:00,64.93,4/28/2025 16:00:00,166.66
4/30/2025 16:00:00,549,4/29/2025 16:00:00,160.16,4/30/2025 16:00:00,184.42,4/29/2025 16:00:00,66.32,4/29/2025 16:00:00,164.67
5/1/2025 16:00:00,572.21,4/30/2025 16:00:00,158.8,5/1/2025 16:00:00,190.2,4/30/2025 16:00:00,65.84,4/30/2025 16:00:00,165.96
5/2/2025 16:00:00,597.02,5/1/2025 16:00:00,161.3,5/2/2025 16:00:00,189.98,5/1/2025 16:00:00,65.41,5/1/2025 16:00:00,166.74
5/5/2025 16:00:00,599.27,5/2/2025 16:00:00,164.03,5/5/2025 16:00:00,186.35,5/2/2025 16:00:00,67.24,5/2/2025 16:00:00,171.79
5/6/2025 16:00:00,587.31,5/5/2025 16:00:00,164.21,5/6/2025 16:00:00,185.01,5/5/2025 16:00:00,68.54,5/5/2025 16:00:00,171.16
5/7/2025 16:00:00,596.81,5/6/2025 16:00:00,163.23,5/7/2025 16:00:00,188.71,5/6/2025 16:00:00,68.05,5/6/2025 16:00:00,171.25
5/8/2025 16:00:00,598.01,5/7/2025 16:00:00,151.38,5/8/2025 16:00:00,192.08,5/7/2025 16:00:00,68.69,5/7/2025 16:00:00,171.26
5/9/2025 16:00:00,592.49,5/8/2025 16:00:00,154.28,5/9/2025 16:00:00,193.06,5/8/2025 16:00:00,70.48,5/8/2025 16:00:00,172.55
5/12/2025 16:00:00,639.43,5/9/2025 16:00:00,152.75,5/12/2025 16:00:00,208.64,5/9/2025 16:00:00,70.26,5/9/2025 16:00:00,180.81
5/13/2025 16:00:00,656.03,5/12/2025 16:00:00,158.46,5/13/2025 16:00:00,211.37,5/12/2025 16:00:00,72.31,5/12/2025 16:00:00,189.96
5/14/2025 16:00:00,659.36,5/13/2025 16:00:00,159.53,5/14/2025 16:00:00,210.25,5/13/2025 16:00:00,72.29,5/13/2025 16:00:00,190.51
5/15/2025 16:00:00,643.88,5/14/2025 16:00:00,165.37,5/15/2025 16:00:00,205.17,5/14/2025 16:00:00,72.68,5/14/2025 16:00:00,189.1
5/16/2025 16:00:00,640.34,5/15/2025 16:00:00,163.96,5/16/2025 16:00:00,205.59,5/15/2025 16:00:00,71.57,5/15/2025 16:00:00,189.42
5/19/2025 16:00:00,640.43,5/16/2025 16:00:00,166.19,5/19/2025 16:00:00,206.16,5/16/2025 16:00:00,72.18,5/16/2025 16:00:00,192.92
5/20/2025 16:00:00,637.1,5/19/2025 16:00:00,166.54,5/20/2025 16:00:00,204.07,5/19/2025 16:00:00,72.32,5/19/2025 16:00:00,193.53
5/21/2025 16:00:00,635.5,5/20/2025 16:00:00,163.98,5/21/2025 16:00:00,201.12,5/20/2025 16:00:00,72.61,5/20/2025 16:00:00,191.36
5/22/2025 16:00:00,636.57,5/21/2025 16:00:00,168.56,5/22/2025 16:00:00,201.12,5/21/2025 16:00:00,71.65,5/21/2025 16:00:00,187.1
5/23/2025 16:00:00,627.06,5/22/2025 16:00:00,170.87,5/23/2025 16:00:00,200.99,5/22/2025 16:00:00,71.65,5/22/2025 16:00:00,188.73
5/27/2025 16:00:00,642.32,5/23/2025 16:00:00,168.47,5/27/2025 16:00:00,206.02,5/23/2025 16:00:00,69.85,5/23/2025 16:00:00,189.99
5/28/2025 16:00:00,643.58,5/27/2025 16:00:00,172.9,5/28/2025 16:00:00,204.72,5/27/2025 16:00:00,71.48,5/27/2025 16:00:00,199.8
5/29/2025 16:00:00,645.05,5/28/2025 16:00:00,172.36,5/29/2025 16:00:00,205.7,5/28/2025 16:00:00,71.44,5/28/2025 16:00:00,196.32
5/30/2025 16:00:00,647.49,5/29/2025 16:00:00,171.86,5/30/2025 16:00:00,205.01,5/29/2025 16:00:00,70.93,5/29/2025 16:00:00,195.79
6/2/2025 16:00:00,670.9,5/30/2025 16:00:00,171.74,6/2/2025 16:00:00,206.65,5/30/2025 16:00:00,70.28,5/30/2025 16:00:00,195.21
6/3/2025 16:00:00,666.85,6/2/2025 16:00:00,169.03,6/3/2025 16:00:00,205.71,6/2/2025 16:00:00,70.93,6/2/2025 16:00:00,194.67
6/4/2025 16:00:00,687.95,6/3/2025 16:00:00,166.18,6/4/2025 16:00:00,207.23,6/3/2025 16:00:00,71.33,6/3/2025 16:00:00,195.92
6/5/2025 16:00:00,684.62,6/4/2025 16:00:00,168.05,6/5/2025 16:00:00,207.91,6/4/2025 16:00:00,72.8,6/4/2025 16:00:00,195.11
6/6/2025 16:00:00,697.71,6/5/2025 16:00:00,168.21,6/6/2025 16:00:00,213.57,6/5/2025 16:00:00,72.47,6/5/2025 16:00:00,191.68
6/9/2025 16:00:00,694.06,6/6/2025 16:00:00,173.68,6/9/2025 16:00:00,216.98,6/6/2025 16:00:00,73.43,6/6/2025 16:00:00,195.19
6/10/2025 16:00:00,702.4,6/9/2025 16:00:00,176.09,6/10/2025 16:00:00,217.61,6/9/2025 16:00:00,73.55,6/9/2025 16:00:00,194.78
6/11/2025 16:00:00,694.14,6/10/2025 16:00:00,178.6,6/11/2025 16:00:00,213.2,6/10/2025 16:00:00,74.76,6/10/2025 16:00:00,189.17
6/12/2025 16:00:00,693.36,6/11/2025 16:00:00,177.35,6/12/2025 16:00:00,213.24,6/11/2025 16:00:00,74.61,6/11/2025 16:00:00,187.84
6/13/2025 16:00:00,682.87,6/12/2025 16:00:00,175.7,6/13/2025 16:00:00,212.1,6/12/2025 16:00:00,74.81,6/12/2025 16:00:00,186.64
6/16/2025 16:00:00,702.12,6/13/2025 16:00:00,174.67,6/16/2025 16:00:00,216.1,6/13/2025 16:00:00,70.83,6/13/2025 16:00:00,182.29
6/17/2025 16:00:00,697.23,6/16/2025 16:00:00,176.77,6/17/2025 16:00:00,214.82,6/16/2025 16:00:00,72.26,6/16/2025 16:00:00,192.88
6/18/2025 16:00:00,695.77,6/17/2025 16:00:00,175.95,6/18/2025 16:00:00,212.52,6/17/2025 16:00:00,70.67,6/17/2025 16:00:00,194.55
6/20/2025 16:00:00,682.35,6/18/2025 16:00:00,173.32,6/20/2025 16:00:00,209.69,6/18/2025 16:00:00,68.57,6/18/2025 16:00:00,192.94
6/23/2025 16:00:00,698.53,6/20/2025 16:00:00,166.64,6/23/2025 16:00:00,208.47,6/20/2025 16:00:00,70.05,6/20/2025 16:00:00,193.02
6/24/2025 16:00:00,712.2,6/23/2025 16:00:00,165.19,6/24/2025 16:00:00,212.77,6/23/2025 16:00:00,72.01,6/23/2025 16:00:00,188.59
6/25/2025 16:00:00,708.68,6/24/2025 16:00:00,166.77,6/25/2025 16:00:00,211.99,6/24/2025 16:00:00,73.58,6/24/2025 16:00:00,188.79
6/26/2025 16:00:00,726.09,6/25/2025 16:00:00,170.68,6/26/2025 16:00:00,217.12,6/25/2025 16:00:00,73.07,6/25/2025 16:00:00,184.01
6/27/2025 16:00:00,733.63,6/26/2025 16:00:00,173.54,6/27/2025 16:00:00,223.3,6/26/2025 16:00:00,73.17,6/26/2025 16:00:00,185.03
6/30/2025 16:00:00,738.09,6/27/2025 16:00:00,178.53,6/30/2025 16:00:00,219.39,6/27/2025 16:00:00,73.64,6/27/2025 16:00:00,187.74
7/1/2025 16:00:00,719.22,6/30/2025 16:00:00,176.23,7/1/2025 16:00:00,220.46,6/30/2025 16:00:00,74.32,6/30/2025 16:00:00,187.41
7/2/2025 16:00:00,713.57,7/1/2025 16:00:00,175.84,7/2/2025 16:00:00,219.92,7/1/2025 16:00:00,75.29,7/1/2025 16:00:00,189.22
7/3/2025 13:05:00,719.01,7/2/2025 16:00:00,178.64,7/3/2025 13:05:00,223.41,7/2/2025 16:00:00,76.31,7/2/2025 16:00:00,191.13
7/7/2025 16:00:00,718.35,7/3/2025 13:05:00,179.53,7/7/2025 16:00:00,223.47,7/3/2025 13:05:00,76.59,7/3/2025 13:05:00,189.46
7/8/2025 16:00:00,720.67,7/7/2025 16:00:00,176.79,7/8/2025 16:00:00,219.36,7/7/2025 16:00:00,76.18,7/7/2025 16:00:00,185.99
7/9/2025 16:00:00,732.78,7/8/2025 16:00:00,174.36,7/9/2025 16:00:00,222.54,7/8/2025 16:00:00,75.03,7/8/2025 16:00:00,188.25
7/10/2025 16:00:00,727.24,7/9/2025 16:00:00,176.62,7/10/2025 16:00:00,222.26,7/9/2025 16:00:00,74.83,7/9/2025 16:00:00,186.57
7/11/2025 16:00:00,717.51,7/10/2025 16:00:00,177.62,7/11/2025 16:00:00,225.02,7/10/2025 16:00:00,75.7,7/10/2025 16:00:00,186.38
7/14/2025 16:00:00,720.92,7/11/2025 16:00:00,180.19,7/14/2025 16:00:00,225.69,7/11/2025 16:00:00,71.36,7/11/2025 16:00:00,188.09
7/15/2025 16:00:00,710.39,7/14/2025 16:00:00,181.56,7/15/2025 16:00:00,226.35,7/14/2025 16:00:00,73.89,7/14/2025 16:00:00,188.48
7/16/2025 16:00:00,702.91,7/15/2025 16:00:00,182,7/16/2025 16:00:00,223.19,7/15/2025 16:00:00,72.96,7/15/2025 16:00:00,184.66
7/17/2025 16:00:00,701.41,7/16/2025 16:00:00,182.97,7/17/2025 16:00:00,223.88,7/16/2025 16:00:00,72.97,7/16/2025 16:00:00,184.01
7/18/2025 16:00:00,704.28,7/17/2025 16:00:00,183.58,7/18/2025 16:00:00,226.13,7/17/2025 16:00:00,73.86,7/17/2025 16:00:00,182.58
7/21/2025 16:00:00,712.97,7/18/2025 16:00:00,185.06,7/21/2025 16:00:00,229.3,7/18/2025 16:00:00,74.17,7/18/2025 16:00:00,184.08
7/22/2025 16:00:00,704.81,7/21/2025 16:00:00,190.1,7/22/2025 16:00:00,227.47,7/21/2025 16:00:00,74.82,7/21/2025 16:00:00,183.01
7/23/2025 16:00:00,713.58,7/22/2025 16:00:00,191.34,7/23/2025 16:00:00,228.29,7/22/2025 16:00:00,76,7/22/2025 16:00:00,184.26
7/24/2025 16:00:00,714.8,7/23/2025 16:00:00,190.23,7/24/2025 16:00:00,232.23,7/23/2025 16:00:00,76.66,7/23/2025 16:00:00,186.49
7/25/2025 16:00:00,712.68,7/24/2025 16:00:00,192.17,7/25/2025 16:00:00,231.44,7/24/2025 16:00:00,77.82,7/24/2025 16:00:00,184.19
7/28/2025 16:00:00,717.63,7/25/2025 16:00:00,193.18,7/28/2025 16:00:00,232.79,7/25/2025 16:00:00,77.98,7/25/2025 16:00:00,188.14
7/29/2025 16:00:00,700,7/28/2025 16:00:00,192.58,7/29/2025 16:00:00,231.01,7/28/2025 16:00:00,78.22,7/28/2025 16:00:00,187.58
7/30/2025 16:00:00,695.21,7/29/2025 16:00:00,195.75,7/30/2025 16:00:00,230.19,7/29/2025 16:00:00,71.45,7/29/2025 16:00:00,184.58
7/31/2025 16:00:00,773.44,7/30/2025 16:00:00,196.53,7/31/2025 16:00:00,234.11,7/30/2025 16:00:00,69.71,7/30/2025 16:00:00,187.38
8/1/2025 16:00:00,750.01,7/31/2025 16:00:00,191.9,8/1/2025 16:00:00,214.75,7/31/2025 16:00:00,68.76,7/31/2025 16:00:00,185.13
8/4/2025 16:00:00,776.37,8/1/2025 16:00:00,189.13,8/4/2025 16:00:00,211.65,8/1/2025 16:00:00,67.11,8/1/2025 16:00:00,182.97
8/5/2025 16:00:00,763.46,8/4/2025 16:00:00,195.04,8/5/2025 16:00:00,213.75,8/4/2025 16:00:00,68.01,8/4/2025 16:00:00,184.79
8/6/2025 16:00:00,771.99,8/5/2025 16:00:00,194.67,8/6/2025 16:00:00,222.31,8/5/2025 16:00:00,67.83,8/5/2025 16:00:00,182.23
8/7/2025 16:00:00,761.83,8/6/2025 16:00:00,196.09,8/7/2025 16:00:00,223.13,8/6/2025 16:00:00,69.42,8/6/2025 16:00:00,184.39
8/8/2025 16:00:00,769.3,8/7/2025 16:00:00,196.52,8/8/2025 16:00:00,222.69,8/7/2025 16:00:00,68.22,8/7/2025 16:00:00,185.01
8/11/2025 16:00:00,765.87,8/8/2025 16:00:00,201.42,8/11/2025 16:00:00,221.3,8/8/2025 16:00:00,67.65,8/8/2025 16:00:00,172.84
8/12/2025 16:00:00,790,8/11/2025 16:00:00,201,8/12/2025 16:00:00,221.47,8/11/2025 16:00:00,67.08,8/11/2025 16:00:00,174.86
8/13/2025 16:00:00,780.08,8/12/2025 16:00:00,203.34,8/13/2025 16:00:00,224.56,8/12/2025 16:00:00,67.97,8/12/2025 16:00:00,176.71
8/14/2025 16:00:00,782.13,8/13/2025 16:00:00,201.96,8/14/2025 16:00:00,230.98,8/13/2025 16:00:00,70.63,8/13/2025 16:00:00,175.17
8/15/2025 16:00:00,785.23,8/14/2025 16:00:00,202.94,8/15/2025 16:00:00,231.03,8/14/2025 16:00:00,69.38,8/14/2025 16:00:00,172.91
8/18/2025 16:00:00,767.37,8/15/2025 16:00:00,203.9,8/18/2025 16:00:00,231.49,8/15/2025 16:00:00,69.23,8/15/2025 16:00:00,172.84
8/19/2025 16:00:00,751.48,8/18/2025 16:00:00,203.5,8/19/2025 16:00:00,228.01,8/18/2025 16:00:00,69.53,8/18/2025 16:00:00,173.88
8/20/2025 16:00:00,747.72,8/19/2025 16:00:00,201.57,8/20/2025 16:00:00,223.81,8/19/2025 16:00:00,69.05,8/19/2025 16:00:00,175.91
8/21/2025 16:00:00,739.1,8/20/2025 16:00:00,199.32,8/21/2025 16:00:00,221.95,8/20/2025 16:00:00,68.08,8/20/2025 16:00:00,173.23
8/22/2025 16:00:00,754.79,8/21/2025 16:00:00,199.75,8/22/2025 16:00:00,228.84,8/21/2025 16:00:00,67.55,8/21/2025 16:00:00,173.93
8/25/2025 16:00:00,753.3,8/22/2025 16:00:00,206.09,8/25/2025 16:00:00,227.94,8/22/2025 16:00:00,69.9,8/22/2025 16:00:00,177.33
8/26/2025 16:00:00,754.1,8/28/2025 16:00:00,211.64,8/26/2025 16:00:00,228.71,8/25/2025 16:00:00,69.48,8/28/2025 16:00:00,172.38
8/27/2025 16:00:00,747.38,8/29/2025 16:00:00,212.91,8/27/2025 16:00:00,229.12,8/26/2025 16:00:00,70.18,8/29/2025 16:00:00,172.55
8/28/2025 16:00:00,751.11,9/2/2025 16:00:00,211.35,8/28/2025 16:00:00,231.6,8/27/2025 16:00:00,69.65,9/2/2025 16:00:00,171.28
8/29/2025 16:00:00,738.7,9/3/2025 16:00:00,230.66,8/29/2025 16:00:00,229,8/28/2025 16:00:00,70.06,9/3/2025 16:00:00,171.57
9/2/2025 16:00:00,735.11,9/4/2025 16:00:00,232.3,9/2/2025 16:00:00,225.34,8/29/2025 16:00:00,70.19,9/4/2025 16:00:00,169.37
9/3/2025 16:00:00,737.05,9/5/2025 16:00:00,235,9/3/2025 16:00:00,225.99,9/2/2025 16:00:00,69.25,9/5/2025 16:00:00,168.85
9/4/2025 16:00:00,748.65,9/8/2025 16:00:00,234.04,9/4/2025 16:00:00,235.68,9/3/2025 16:00:00,69.64,9/8/2025 16:00:00,167.48
9/5/2025 16:00:00,752.45,9/9/2025 16:00:00,239.63,9/5/2025 16:00:00,232.33,9/4/2025 16:00:00,68.46,9/9/2025 16:00:00,168.12
9/8/2025 16:00:00,752.3,9/10/2025 16:00:00,239.17,9/8/2025 16:00:00,235.84,9/5/2025 16:00:00,68.26,9/10/2025 16:00:00,166.08
9/9/2025 16:00:00,765.7,9/11/2025 16:00:00,240.37,9/9/2025 16:00:00,238.24,9/8/2025 16:00:00,68.4,9/11/2025 16:00:00,167.16
9/10/2025 16:00:00,751.98,9/12/2025 16:00:00,240.8,9/10/2025 16:00:00,230.33,9/9/2025 16:00:00,67.68,9/12/2025 16:00:00,166.69
9/11/2025 16:00:00,750.9,9/15/2025 16:00:00,251.61,9/11/2025 16:00:00,229.95,9/10/2025 16:00:00,65.64,9/15/2025 16:00:00,165.14
9/12/2025 16:00:00,755.59,9/16/2025 16:00:00,251.16,9/12/2025 16:00:00,228.15,9/11/2025 16:00:00,67.27,9/16/2025 16:00:00,165.61
9/15/2025 16:00:00,764.7,9/17/2025 16:00:00,249.53,9/15/2025 16:00:00,231.43,9/12/2025 16:00:00,66.89,9/17/2025 16:00:00,164.3
9/16/2025 16:00:00,779,9/18/2025 16:00:00,252.03,9/16/2025 16:00:00,234.05,9/15/2025 16:00:00,67.11,9/18/2025 16:00:00,159.78
9/17/2025 16:00:00,775.72,9/19/2025 16:00:00,254.72,9/17/2025 16:00:00,231.62,9/16/2025 16:00:00,66.85,9/19/2025 16:00:00,158.24
9/18/2025 16:00:00,780.25,9/22/2025 16:00:00,252.53,9/18/2025 16:00:00,231.23,9/17/2025 16:00:00,68.62,9/22/2025 16:00:00,159.56
9/19/2025 16:00:00,778.38,9/23/2025 16:00:00,251.66,9/19/2025 16:00:00,231.48,9/18/2025 16:00:00,68.52,9/23/2025 16:00:00,159.64
9/22/2025 16:00:00,765.16,9/24/2025 16:00:00,247.14,9/22/2025 16:00:00,227.63,9/19/2025 16:00:00,68.22,9/24/2025 16:00:00,161.75
9/23/2025 16:00:00,755.4,9/25/2025 16:00:00,245.79,9/23/2025 16:00:00,220.71,9/22/2025 16:00:00,67.68,9/25/2025 16:00:00,163.01
9/24/2025 16:00:00,755.4,9/26/2025 16:00:00,246.54,9/24/2025 16:00:00,220.71,9/23/2025 16:00:00,67.31,9/26/2025 16:00:00,162.53
9/26/2025 16:00:00,743.75,9/29/2025 16:00:00,244.05,9/26/2025 16:00:00,219.78,9/24/2025 16:00:00,67.86,9/29/2025 16:00:00,166.76
9/29/2025 16:00:00,743.4,9/30/2025 16:00:00,243.1,9/29/2025 16:00:00,222.17,9/25/2025 16:00:00,66.74,9/30/2025 16:00:00,166.15
9/30/2025 16:00:00,734.38,10/1/2025 16:00:00,244.9,9/30/2025 16:00:00,219.57,9/26/2025 16:00:00,67.3,10/1/2025 16:00:00,162.81
10/1/2025 16:00:00,717.34,10/2/2025 16:00:00,245.69,10/1/2025 16:00:00,220.63,9/29/2025 16:00:00,69.68,10/2/2025 16:00:00,165.06
10/2/2025 16:00:00,727.05,10/3/2025 16:00:00,245.35,10/2/2025 16:00:00,222.41,9/30/2025 16:00:00,67.06,10/3/2025 16:00:00,166.49
10/3/2025 16:00:00,710.56,10/6/2025 16:00:00,250.43,10/3/2025 16:00:00,219.51,10/1/2025 16:00:00,66.66,10/6/2025 16:00:00,167.11
10/6/2025 16:00:00,715.66,10/7/2025 16:00:00,245.76,10/6/2025 16:00:00,220.9,10/2/2025 16:00:00,68.93,10/7/2025 16:00:00,166.56
10/7/2025 16:00:00,713.08,10/8/2025 16:00:00,244.62,10/7/2025 16:00:00,221.78,10/3/2025 16:00:00,69.25,10/8/2025 16:00:00,165.87
10/8/2025 16:00:00,717.84,10/9/2025 16:00:00,241.53,10/8/2025 16:00:00,225.22,10/6/2025 16:00:00,71.29,10/9/2025 16:00:00,167.75
10/9/2025 16:00:00,733.51,10/10/2025 16:00:00,236.57,10/9/2025 16:00:00,227.74,10/7/2025 16:00:00,74.61,10/10/2025 16:00:00,163.33
10/10/2025 16:00:00,705.3,10/13/2025 16:00:00,244.15,10/10/2025 16:00:00,216.37,10/8/2025 16:00:00,76.13,10/13/2025 16:00:00,171.96
10/13/2025 16:00:00,715.7,10/14/2025 16:00:00,245.45,10/13/2025 16:00:00,220.07,10/9/2025 16:00:00,75.75,10/14/2025 16:00:00,169.83
10/14/2025 16:00:00,708.65,10/15/2025 16:00:00,251.03,10/14/2025 16:00:00,216.39,10/10/2025 16:00:00,69.84,10/15/2025 16:00:00,172.53
10/15/2025 16:00:00,717.55,10/16/2025 16:00:00,251.46,10/15/2025 16:00:00,215.57,10/13/2025 16:00:00,68.86,10/16/2025 16:00:00,172.74
10/16/2025 16:00:00,712.07,10/17/2025 16:00:00,253.3,10/16/2025 16:00:00,214.47,10/14/2025 16:00:00,69.15,10/17/2025 16:00:00,177.48
10/17/2025 16:00:00,716.92,10/20/2025 16:00:00,256.55,10/17/2025 16:00:00,213.04,10/15/2025 16:00:00,67.98,10/20/2025 16:00:00,179.07
10/20/2025 16:00:00,732.17,10/21/2025 16:00:00,250.46,10/20/2025 16:00:00,216.48,10/16/2025 16:00:00,66.05,10/21/2025 16:00:00,178.03
10/21/2025 16:00:00,733.27,10/22/2025 16:00:00,251.69,10/21/2025 16:00:00,222.03,10/17/2025 16:00:00,67.41,10/22/2025 16:00:00,178.78
10/22/2025 16:00:00,733.41,10/23/2025 16:00:00,253.08,10/22/2025 16:00:00,217.95,10/20/2025 16:00:00,69.2,10/23/2025 16:00:00,176.39
10/23/2025 16:00:00,734,10/24/2025 16:00:00,259.92,10/23/2025 16:00:00,221.09,10/21/2025 16:00:00,70.05,10/24/2025 16:00:00,175.54
10/24/2025 16:00:00,738.36,10/27/2025 16:00:00,269.27,10/24/2025 16:00:00,224.21,10/22/2025 16:00:00,68.07,10/27/2025 16:00:00,174.31
10/27/2025 16:00:00,750.82,10/28/2025 16:00:00,267.47,10/27/2025 16:00:00,226.97,10/23/2025 16:00:00,69.66,10/28/2025 16:00:00,172.56
10/28/2025 16:00:00,751.44,10/29/2025 16:00:00,274.57,10/28/2025 16:00:00,229.25,10/24/2025 16:00:00,69.77,10/29/2025 16:00:00,170.82
10/29/2025 16:00:00,751.67,10/30/2025 16:00:00,281.48,10/29/2025 16:00:00,230.3,10/27/2025 16:00:00,70.25,10/30/2025 16:00:00,165.42
10/30/2025 16:00:00,666.47,10/31/2025 16:00:00,281.19,10/30/2025 16:00:00,222.86,10/28/2025 16:00:00,73.02,10/31/2025 16:00:00,163.58
10/31/2025 16:00:00,648.35,11/3/2025 16:00:00,283.72,10/31/2025 16:00:00,244.22,10/29/2025 16:00:00,69.68,11/3/2025 16:00:00,161.04
11/3/2025 16:00:00,637.71,11/4/2025 16:00:00,277.54,11/3/2025 16:00:00,254,10/30/2025 16:00:00,67.93,11/4/2025 16:00:00,162.19
11/4/2025 16:00:00,627.32,11/5/2025 16:00:00,284.31,11/4/2025 16:00:00,249.32,10/31/2025 16:00:00,69.27,11/5/2025 16:00:00,165.76
11/5/2025 16:00:00,635.95,11/6/2025 16:00:00,284.75,11/5/2025 16:00:00,250.2,11/3/2025 16:00:00,68.34,11/6/2025 16:00:00,160.73
11/6/2025 16:00:00,618.94,11/7/2025 16:00:00,278.83,11/6/2025 16:00:00,243.04,11/4/2025 16:00:00,66.08,11/7/2025 16:00:00,165.03
11/7/2025 16:00:00,621.71,11/10/2025 16:00:00,290.1,11/7/2025 16:00:00,244.41,11/5/2025 16:00:00,68.06,11/10/2025 16:00:00,161.74
11/10/2025 16:00:00,631.76,11/11/2025 16:00:00,291.31,11/10/2025 16:00:00,248.4,11/6/2025 16:00:00,66.26,11/11/2025 16:00:00,163.98
11/11/2025 16:00:00,627.08,11/12/2025 16:00:00,286.71,11/11/2025 16:00:00,249.1,11/7/2025 16:00:00,66.22,11/12/2025 16:00:00,167.59
11/12/2025 16:00:00,609.01,11/13/2025 16:00:00,278.57,11/12/2025 16:00:00,244.2,11/10/2025 16:00:00,66.25,11/13/2025 16:00:00,168.1
11/13/2025 16:00:00,609.89,11/14/2025 16:00:00,276.41,11/13/2025 16:00:00,237.58,11/11/2025 16:00:00,67.4,11/14/2025 16:00:00,167.35
11/14/2025 16:00:00,609.46,,,11/14/2025 16:00:00,234.69,11/12/2025 16:00:00,67.2,,
,,,,,,11/13/2025 16:00:00,65.33,,
,,,,,,11/14/2025 16:00:00,62.81,,